rank,frequency,word_hi,word_en
1,46471,में,mẽ
2,22405,है,hai
3,18164,हैं,ha͠i
4,13729,नहीं,nahī̃
5,8188,लिए,lie
6,6356,गया,gayā
7,5781,तथा,tathā
8,4745,अपने,apne
9,4399,कुछ,kuch
10,4258,साथ,sāth
11,4203,होता,hotā
12,3970,था,thā
13,3730,दिया,diyā
14,3535,हुए,hue
15,3394,कोई,koī
16,3337,रूप,rūp
17,3307,से,se
18,3249,मैं,ma͠i
19,3204,रहा,rahā
20,3092,हुआ,huā
21,2870,बात,bāt
22,2826,कहा,kahā
23,2758,समय,samay
24,2737,क्या,kyā
25,2711,अपनी,apnī
26,2659,होती,hotī
27,2583,प्रकार,prakār
28,2539,बहुत,bahut
29,2471,तरह,tarah
30,2461,बाद,bād
31,2416,फिर,phir
32,2369,रहे,rahe
33,2337,द्वारा,dvārā
34,2297,अधिक,adhik
35,2292,रही,rahī
36,2289,होने,hone
37,2222,एवं,evã
38,2213,हुई,huī
39,2147,थे,the
40,2089,उनके,unke
41,2042,थी,thī
42,1991,वाले,vāle
43,1968,चाहिए,cāhie
44,1966,दिन,din
45,1923,लेकिन,lekin
46,1865,काम,kām
47,1854,हूँ,hū̃
48,1825,होते,hote
49,1789,इसके,iske
50,1778,उन्हें,unhẽ
51,1737,गये,gaye
52,1728,कभी,kabhī
53,1718,आदि,ādi
54,1717,लोग,log
55,1689,बार,bār
56,1665,यहाँ,yahā̃
57,1606,दोनों,donõ
58,1555,उन्होंने,unhõne
59,1499,कार्य,kārya
60,1457,पास,pās
61,1449,वहाँ,vahā̃
62,1446,भारत,bhārat
63,1415,लिया,liyā
64,1406,प्राप्त,prāpt
65,1406,उनकी,unkī
66,1365,लोगों,logõ
67,1359,गयी,gayī
68,1356,लगा,lagā
69,1351,अन्य,anya
70,1349,होगा,hogā
71,1347,इसी,isī
72,1346,देश,deś
73,1335,यदि,yadi
74,1330,सभी,sabhī
75,1330,नाम,nām
76,1315,वर्ष,varṣ
77,1224,ऐसा,aisā
78,1221,विकास,vikās
79,1191,अपना,apnā
80,1183,ऐसे,aise
81,1182,दूसरे,dūsre
82,1162,हाथ,hāth
83,1162,भाषा,bhāṣā
84,1118,मेरे,mere
85,1115,मैंने,ma͠ine
86,1103,तुम,tum
87,1080,बीच,bīc
88,1045,वाली,vālī
89,1045,बड़े,baṛe
90,1043,प्रति,prati
91,1034,व्यक्ति,vyakti
92,1034,उनका,unkā
93,1029,लिये,liye
94,1025,इसलिए,islie
95,1024,तीन,tīn
96,1024,इसका,iskā
97,1013,ऐसी,aisī
98,982,विशेष,viśeṣ
99,981,बड़ी,baṛī
100,978,अथवा,athvā
101,962,भाग,bhāg
102,953,क्योंकि,kyõki
103,937,सिंह,sĩh
104,927,ठीक,ṭhīk
105,922,स्थिति,sthiti
106,915,परन्तु,parantu
107,914,स्थान,sthān
108,905,यही,yahī
109,897,क्यों,kyõ
110,894,गाँव,gā̃v
111,888,राज्य,rājya
112,881,अलग,alag
113,880,लेकर,lekar
114,876,अभी,abhī
115,864,इसमें,ismẽ
116,858,विभिन्न,vibhinn
117,856,सी,sī
118,855,विचार,vicār
119,853,जिस,jis
120,852,बाहर,bāhar
121,849,ऊपर,ūpar
122,848,बना,banā
123,839,तैयार,taiyār
124,838,अनेक,anek
125,832,सामने,sāmne
126,827,शिक्षा,śikṣā
127,825,शरीर,śarīr
128,817,होकर,hokar
129,817,दृष्टि,dŕṣṭi
130,814,श्री,śrī
131,798,थीं,thī̃
132,794,दूर,dūr
133,787,शब्द,śabd
134,782,ध्यान,dhyān
135,782,चार,cār
136,781,मेरी,merī
137,779,बड़ा,baṛā
138,761,पता,patā
139,758,लगता,lagtā
140,758,आगे,āge
141,755,किया,kiyā
142,753,उत्तर,uttar
143,747,किन्तु,kintu
144,742,आने,āne
145,736,लगे,lage
146,734,लगभग,lagbhag
147,734,इसे,ise
148,728,लाख,lākh
149,724,बारे,bāre
150,711,होना,honā
151,708,इससे,isse
152,702,मात्रा,mātrā
153,702,अध्ययन,adhyayan
154,701,वाला,vālā
155,701,जिसमें,jismẽ
156,690,नीचे,nīce
157,689,अर्थ,arth
158,687,लोक,lok
159,678,आवश्यक,āvaśyak
160,674,हो,ho
161,671,माँ,mā̃
162,669,छोटे,choṭe
163,667,प्रतिशत,pratiśat
164,665,शुरू,śurū
165,665,अगर,agar
166,661,इतना,itnā
167,657,आया,āyā
168,648,होगी,hogī
169,648,मिल,mil
170,647,स्वयं,svayã
171,646,रात,rāt
172,642,बिना,binā
173,638,हमें,hamẽ
174,633,उपयोग,upyog
175,631,किए,kie
176,625,महत्वपूर्ण,mahatvapūrṇ
177,624,मुख्य,mukhya
178,621,साल,sāl
179,620,ज्यादा,jyādā
180,614,साहित्य,sāhitya
181,607,पूर्व,pūrv
182,607,निर्माण,nirmāṇ
183,606,विषय,viṣay
184,606,जिससे,jisse
185,604,देख,dekh
186,602,चित्र,citra
187,596,लगी,lagī
188,594,प्रत्येक,pratyek
189,592,मनुष्य,manuṣya
190,591,गई,gaī
191,586,स्पष्ट,spaṣṭ
192,582,दिनों,dinõ
193,579,रंग,raṅg
194,579,इसकी,iskī
195,578,स्तर,star
196,570,मेरा,merā
197,570,दूसरी,dūsrī
198,570,अच्छा,acchā
199,568,रोग,rog
200,562,काल,kāl
201,561,अच्छी,acchī
202,557,विज्ञान,vijñān
203,557,भाई,bhāī
204,555,ज्ञान,jñān
205,554,दिल्ली,dillī
206,550,बनाने,banāne
207,547,रुपये,rupye
208,542,रखा,rakhā
209,541,आवश्यकता,āvaśyaktā
210,538,आता,ātā
211,534,कौन,kaun
212,533,हों,hõ
213,533,आर्थिक,ārthik
214,530,सहायता,sahāytā
215,528,अतिरिक्त,atirikt
216,526,देर,der
217,521,तरफ,taraph
218,516,लेने,lene
219,509,चला,calā
220,508,सामाजिक,sāmājik
221,507,समझ,samajh
222,507,मगर,magar
223,502,आते,āte
224,497,बच्चे,bacce
225,494,कला,kalā
226,491,पत्र,patra
227,478,भीतर,bhītar
228,477,संस्कृति,sanskŕti
229,473,उनमें,unmẽ
230,472,वर्ग,varg
231,470,विभाग,vibhāg
232,470,चाहता,cāhtā
233,468,सिर,sir
234,468,बताया,batāyā
235,466,जगह,jagah
236,465,वही,vahī
237,464,इतनी,itnī
238,458,स्थापित,sthāpit
239,456,राष्ट्रीय,rāṣṭrīya
240,455,स्वर,svar
241,455,क्षेत्रों,kṣetrõ
242,453,जिसके,jiske
243,451,जन्म,janma
244,449,जाए,jāe
245,448,दौरान,daurān
246,448,गांधी,gāndhī
247,444,हाँ,hā̃
248,444,जनता,jantā
249,441,किस,kis
250,441,केन्द्र,kendra
251,440,साहब,sāhab
252,439,पूर्ण,pūrṇ
253,437,पुलिस,pulis
254,435,बोला,bolā
255,433,थईआ,thaīā
256,432,कमी,kamī
257,425,समस्या,samasyā
258,425,कार्यक्रम,kāryakram
259,422,विवाह,vivāh
260,421,भूमि,bhūmi
261,420,भाव,bhāv
262,420,देखकर,dekhkar
263,419,करोड़,karoṛ
264,417,प्रथम,pratham
265,416,मूल,mūl
266,414,परिवर्तन,parivartan
267,410,बच्चों,baccõ
268,409,लाभ,lābh
269,409,प्रदान,pradān
270,409,आये,āye
271,407,छोटी,choṭī
272,402,स्त्री,strī
273,401,सेवा,sevā
274,401,व्यवहार,vyavhār
275,401,राम,rām
276,401,रचना,racnā
277,398,की,kī
278,397,भिन्न,bhinn
279,396,मिट्टी,miṭṭī
280,396,देशों,deśõ
281,396,इनके,inke
282,396,आती,ātī
283,394,सही,sahī
284,394,उपलब्ध,uplabdh
285,390,बल्कि,balki
286,389,प्राय,prāy
287,386,बिजली,bijlī
288,385,लेते,lete
289,385,जान,jān
290,381,बढ़,baṛh
291,380,सारे,sāre
292,380,शायद,śāyad
293,379,सरकारी,sarkārī
294,378,पड़,paṛ
295,378,चुका,cukā
296,376,पड़ा,paṛā
297,375,विधि,vidhi
298,375,छोड़,choṛ
299,374,लिखा,likhā
300,374,जबकि,jabki
301,373,सिर्फ,sirph
302,370,दर्शन,darśan
303,369,प्रक्रिया,prakriyā
304,368,दिखाई,dikhāī
305,368,कुल,kul
306,366,शब्दों,śabdõ
307,366,लाल,lāl
308,366,निकल,nikal
309,366,नये,naye
310,364,रखने,rakhne
311,364,पंजाब,pañjāb
312,364,नदी,nadī
313,363,गए,gae
314,361,मृत्यु,mŕtyu
315,358,स्वीकार,svīkār
316,355,अन्तरिक्ष,antarikṣ
317,354,आकर,ākar
318,353,याद,yād
319,352,उठा,uṭhā
320,351,दूध,dūdh
321,351,कांग्रेस,kāṅgres
322,350,सारी,sārī
323,349,माध्यम,mādhyam
324,349,दूसरा,dūsrā
325,348,संबंध,sambandh
326,348,जिन,jin
327,348,चाहे,cāhe
328,347,चाहते,cāhte
329,345,प्रणाली,praṇālī
330,345,तभी,tabhī
331,344,होंगे,hoṅge
332,343,इनमें,inmẽ
333,342,सन,san
334,342,मान,mān
335,341,पुत्र,putra
336,341,उद्देश्य,uddeśya
337,340,विश्वास,viśvās
338,339,पिछले,pichle
339,338,ताकि,tāki
340,337,निश्चित,niścit
341,337,जिसका,jiskā
342,336,जानकारी,jānkārī
343,335,नेता,netā
344,334,बालक,bālak
345,332,अन्त,ant
346,331,उचित,ucit
347,329,संगीत,saṅgīt
348,329,जल्दी,jaldī
349,329,क्षमता,kṣamtā
350,328,हजार,hajār
351,327,जाएगा,jāegā
352,325,बनाया,banāyā
353,325,पति,pati
354,325,कोशिश,kośiś
355,323,चुके,cuke
356,323,खाने,khāne
357,322,फसल,phasal
358,322,प्रकृति,prakŕti
359,321,पौधों,paudhõ
360,321,प्रकट,prakaṭ
361,321,पक्ष,pakṣ
362,321,नीति,nīti
363,320,यद्यपि,yadyapi
364,319,मात्र,mātra
365,319,भारी,bhārī
366,319,पुस्तकालय,pustakālay
367,319,चले,cale
368,318,समिति,samiti
369,317,सामग्री,sāmagrī
370,317,चाहिये,cāhiye
371,316,अन्तर्गत,antargat
372,315,माल,māl
373,314,शामिल,śāmil
374,312,बोली,bolī
375,312,उनसे,unse
376,312,अपेक्षा,apekṣā
377,311,हेतु,hetu
378,310,नगर,nagar
379,310,दिये,diye
380,308,सम्बन्धी,sambandhī
381,307,पुस्तक,pustak
382,307,खुद,khud
383,305,वर्णन,varṇan
384,304,बने,bane
385,304,जोर,jor
386,304,करें,karẽ
387,303,जिनमें,jinmẽ
388,302,लक्षण,lakṣaṇ
389,301,नामक,nāmak
390,300,वहीं,vahī̃
391,300,तुम्हारे,tumhāre
392,299,विश्व,viśva
393,298,शासन,śāsan
394,298,वैसे,vaise
395,298,युग,yug
396,298,बैठ,baiṭh
397,297,स्थापना,sthāpnā
398,297,अर्थात,arthāt
399,296,सारा,sārā
400,296,लेता,letā
401,296,लगती,lagtī
402,295,शैली,śailī
403,295,लें,lẽ
404,295,पार्टी,pārṭī
405,295,गीत,gīt
406,295,अवसर,avsar
407,293,युद्ध,yuddh
408,292,मालूम,mālūm
409,292,चारों,cārõ
410,291,प्रकाश,prakāś
411,290,जायेगा,jāyegā
412,289,बैठे,baiṭhe
413,289,तुम्हें,tumhẽ
414,288,समाप्त,samāpt
415,288,जाय,jāy
416,287,साफ,sāph
417,287,धार्मिक,dhārmik
418,287,ताप,tāp
419,287,उल्लेख,ullekh
420,286,वर्तमान,vartamān
421,285,लेना,lenā
422,285,थोड़ी,thoṛī
423,285,इनका,inkā
424,284,विकसित,viksit
425,283,बन्द,band
426,283,प्रसिद्ध,prasiddh
427,282,विशिष्ट,viśiṣṭ
428,282,प्रेम,prem
429,281,चली,calī
430,280,रखते,rakhte
431,280,भावना,bhāvnā
432,280,चलता,caltā
433,279,सिद्ध,siddh
434,279,वालों,vālõ
435,278,चित्रों,citrõ
436,277,पुरुष,puruṣ
437,277,पदार्थ,padārth
438,277,चर्चा,carcā
439,277,खाना,khānā
440,275,उच्च,ucc
441,275,इतने,itne
442,274,दी,dī
443,274,दिए,die
444,273,सीमा,sīmā
445,273,वस्तु,vastu
446,273,पड़ी,paṛī
447,273,गति,gati
448,273,अत्यन्त,atyant
449,272,संगठन,saṅgṭhan
450,271,कितना,kitnā
451,271,इस्तेमाल,istemāl
452,270,बाबा,bābā
453,270,प्रकाशित,prakāśit
454,269,ढंग,ḍhaṅg
455,269,अधिकार,adhikār
456,268,उधर,udhar
457,267,पड़े,paṛe
458,266,सके,sake
459,265,सूचना,sūcnā
460,265,अंग्रेजी,aṅgrejī
461,263,सुन्दर,sundar
462,263,पुनः,punaḥ
463,263,केंद्रीय,kendrīya
464,263,आधुनिक,ādhunik
465,262,शहर,śahar
466,261,प्रधानमंत्री,pradhānmantrī
467,260,ब्राह्मण,brāhmaṇ
468,260,उनको,unko
469,259,महीने,mahīne
470,259,अच्छे,acche
471,257,हवा,havā
472,257,शाम,śām
473,257,इधर,idhar
474,256,संसार,sansār
475,255,विरोध,virodh
476,255,रखना,rakhnā
477,255,प्रशिक्षण,praśikṣaṇ
478,254,संघ,saṅgh
479,254,बनी,banī
480,254,पृथ्वी,pŕthvī
481,254,ऊर्जा,ūrjā
482,250,हमने,hamne
483,250,वास्तविक,vāstavik
484,249,सहयोग,sahyog
485,248,तेल,tel
486,248,अवधि,avdhi
487,247,सात,sāt
488,247,लगते,lagte
489,247,मार्ग,mārg
490,247,बंद,band
491,247,प्रचलित,praclit
492,246,संघर्ष,saṅgharṣ
493,246,दिशा,diśā
494,245,स्थित,sthit
495,245,बैठा,baiṭhā
496,244,वर्षों,varṣõ
497,244,अधिकांश,adhikāñś
498,243,शादी,śādī
499,243,वातावरण,vātāvraṇ
500,243,तुलना,tulnā
501,242,राजीव,rājīv
502,241,साधारण,sādhāraṇ
503,241,सम्पूर्ण,sampūrṇ
504,241,राजस्थान,rājasthān
505,240,सफल,saphal
506,240,कितने,kitne
507,239,वापस,vāpas
508,239,मानसिक,mānsik
509,239,परम्परा,paramparā
510,238,बोले,bole
511,238,बीज,bīj
512,238,खेल,khel
513,238,अंग,aṅg
514,237,बैठक,baiṭhak
515,237,जरूरत,jarūrat
516,237,ग्रामीण,grāmīṇ
517,237,इनकी,inkī
518,236,कथा,kathā
519,236,आयु,āyu
520,234,बातचीत,bātcīt
521,234,प्रभावित,prabhāvit
522,234,निर्धारित,nirdhārit
523,234,निकाल,nikāl
524,234,घटना,ghaṭnā
525,233,कितनी,kitnī
526,233,कवि,kavi
527,232,रक्त,rakt
528,232,बालकों,bālkõ
529,232,किसान,kisān
530,232,इच्छा,icchā
531,232,आयी,āyī
532,231,बजे,baje
533,231,चेहरे,cehre
534,231,गुण,guṇ
535,231,आकार,ākār
536,230,हृदय,hŕday
537,229,राज,rāj
538,229,मार,mār
539,229,चुकी,cukī
540,228,यात्रा,yātrā
541,228,नष्ट,naṣṭ
542,228,खेती,khetī
543,227,सुबह,subah
544,227,नयी,nayī
545,227,जिन्हें,jinhẽ
546,227,आरम्भ,ārambh
547,226,सुनकर,sunkar
548,226,वायु,vāyu
549,226,नजर,najar
550,226,थोड़ा,thoṛā
551,226,खाली,khālī
552,225,ॐ,om
553,225,खोज,khoj
554,224,एकदम,ekdam
555,223,व्यक्तियों,vyaktiyõ
556,223,राजनीतिक,rājnītik
557,223,आँखें,ā̃khẽ
558,222,संबंधित,sambandhit
559,221,तेज,tej
560,221,जरा,jarā
561,220,व्यक्तित्व,vyaktitva
562,220,बदल,badal
563,219,सवाल,savāl
564,219,उपभोक्ता,upbhoktā
565,219,उपज,upaj
566,218,सुख,sukh
567,218,मानते,mānte
568,218,मकान,makān
569,218,तेजी,tejī
570,218,जुलाई,julāī
571,217,प्रयत्न,prayatna
572,217,देवता,devtā
573,217,जानते,jānte
574,217,कपड़े,kapṛe
575,216,संभव,sambhav
576,216,सकता,saktā
577,216,मदद,madad
578,215,वास्तव,vāstav
579,215,निकट,nikaṭ
580,215,चलते,calte
581,214,बाकी,bākī
582,212,सोच,soc
583,212,समस्त,samast
584,212,सदस्य,sadasya
585,212,कठिन,kaṭhin
586,212,अरे,are
587,211,राज्यों,rājyõ
588,211,नया,nayā
589,210,सीधे,sīdhe
590,210,फूल,phūl
591,210,किस्म,kisma
592,210,अभाव,abhāv
593,209,जरूरी,jarūrī
594,208,सेना,senā
595,208,श्रम,śram
596,208,विदेशी,videśī
597,208,बाल,bāl
598,208,पुराने,purāne
599,208,किंतु,kintu
600,207,विस्तार,vistār
601,207,जाएगी,jāegī
602,207,छोटा,choṭā
603,206,वनस्पति,vanaspati
604,206,खर्च,kharc
605,205,पार,pār
606,205,अधिकारी,adhikārī
607,204,चलने,calne
608,204,आशा,āśā
609,203,सुधार,sudhār
610,203,विशाल,viśāl
611,203,पूर्ति,pūrti
612,203,डाल,ḍāl
613,202,जानता,jāntā
614,200,महसूस,mahsūs
615,200,बोल,bol
616,200,प्रतीत,pratīt
617,200,अध्यक्ष,adhyakṣ
618,199,सीखने,sīkhne
619,199,वर्ण,varṇ
620,199,व्यापक,vyāpak
621,199,भविष्य,bhaviṣya
622,199,ध्वनि,dhvani
623,198,प्रयुक्त,prayukt
624,198,प्रचार,pracār
625,198,प्यार,pyār
626,197,शिक्षण,śikṣaṇ
627,197,शेष,śeṣ
628,197,मार्च,mārc
629,197,दुनिया,duniyā
630,197,ख्याल,khyāl
631,196,प्रगति,pragti
632,196,गैस,gais
633,195,लगातार,lagātār
634,195,तौर,taur
635,195,उन्हीं,unhī̃
636,194,सुरक्षित,surakṣit
637,194,सभा,sabhā
638,194,लौट,lauṭ
639,194,लागत,lāgat
640,194,बनाये,banāye
641,194,दर्द,dard
642,194,आखिर,ākhir
643,193,सोचा,socā
644,193,दें,dẽ
645,193,चीज,cīj
646,193,कल्पना,kalpanā
647,192,लक्ष्य,lakṣya
648,192,चाय,cāy
649,192,खूब,khūb
650,191,श्रीमती,śrīmtī
651,191,लाने,lāne
652,191,मुक्त,mukt
653,191,बुद्धि,buddhi
654,191,पश्चिम,paścim
655,191,खेत,khet
656,190,होनी,honī
657,190,चाहती,cāhtī
658,190,उपयुक्त,upyukt
659,190,अंत,ant
660,189,साधन,sādhan
661,189,संकेत,saṅket
662,189,वस्तुओं,vastuõ
663,189,मामले,māmle
664,189,बनाकर,banākar
665,188,सहज,sahaj
666,188,सदा,sadā
667,188,शारीरिक,śārīrik
668,188,पकड़,pakaṛ
669,188,उपाय,upāy
670,187,संस्थान,sansthān
671,187,सफलता,saphaltā
672,187,बाबू,bābū
673,187,तुम्हारी,tumhārī
674,186,भूल,bhūl
675,185,आत्मा,ātmā
676,184,विचारों,vicārõ
677,184,रखी,rakhī
678,184,भूमिका,bhūmikā
679,184,पैर,pair
680,184,करे,kare
681,183,हाथों,hāthõ
682,183,भवन,bhavan
683,183,नियम,niyam
684,183,दिल,dil
685,183,तकनीकी,taknīkī
686,183,जिसकी,jiskī
687,182,शिशु,śiśu
688,182,व्यय,vyay
689,182,पेट,peṭ
690,182,नींद,nīnd
691,182,नेताओं,netāõ
692,182,अंदर,andar
693,181,लागू,lāgū
694,181,बनने,banne
695,181,त्वचा,tvacā
696,181,गायन,gāyan
697,180,राजनीति,rājnīti
698,180,जमा,jamā
699,179,सुविधा,suvidhā
700,179,बोर्ड,borḍ
701,179,कानून,kānūn
702,178,शुरु,śuru
703,178,लेखक,lekhak
704,178,बावजूद,bāvjūd
705,178,क्रम,kram
706,177,लगने,lagne
707,177,तुमने,tumne
708,176,हाल,hāl
709,176,सम्भव,sambhav
710,176,स्टेशन,sṭeśan
711,176,अगले,agle
712,175,रास्ते,rāste
713,175,मस्तिष्क,mastiṣk
714,175,गर्म,garm
715,174,संबंधी,sambandhī
716,174,यानी,yānī
717,174,पुरानी,purānī
718,174,चित्रण,citraṇ
719,174,अधिकारियों,adhikāriyõ
720,173,संस्कृत,sanskŕt
721,172,सुन,sun
722,172,युवक,yuvak
723,172,पाठ,pāṭh
724,171,स्थानों,sthānõ
725,171,वर्षा,varṣā
726,171,रखकर,rakhkar
727,171,पशु,paśu
728,171,किसानों,kisānõ
729,170,सत्ता,sattā
730,170,प्राप्ति,prāpti
731,170,दवा,davā
732,170,खास,khās
733,170,कमेटी,kameṭī
734,170,अंक,aṅk
735,169,हानि,hāni
736,169,सरल,saral
737,168,सिंचाई,siñcāī
738,168,शिकार,śikār
739,168,वृक्ष,vŕkṣ
740,168,करेंगे,kareṅge
741,168,औद्योगिक,audyogik
742,168,आधारित,ādhārit
743,167,हत्या,hatyā
744,167,सहकारी,sahkārī
745,167,विवरण,vivraṇ
746,167,रोज,roj
747,167,मुझसे,mujhse
748,167,आना,ānā
749,166,मौसम,mausam
750,166,आँखों,ā̃khõ
751,165,शुद्ध,śuddh
752,165,भेद,bhed
753,164,विपरीत,viprīt
754,164,लम्बी,lambī
755,164,बनाना,banānā
756,164,दृष्टिकोण,dŕṣṭikoṇ
757,163,गलत,galat
758,162,समर्थन,samarthan
759,162,सम्मेलन,sammelan
760,162,सचमुच,sacmuc
761,162,बुद्ध,buddh
762,162,बच्चा,baccā
763,162,दीवार,dīvār
764,162,आंखों,āṅkhõ
765,162,अध्याय,adhyāy
766,162,अत्यधिक,atyadhik
767,161,सहित,sahit
768,161,योग,yog
769,161,मुख,mukh
770,161,बिहार,bihār
771,161,काव्य,kāvya
772,160,सिद्धांत,siddhānt
773,160,सार्वजनिक,sārvajnik
774,160,लघु,laghu
775,160,बता,batā
776,160,परस्पर,paraspar
777,160,तार,tār
778,160,चूर्ण,cūrṇ
779,160,आयोजन,āyojan
780,159,सांस्कृतिक,sānskŕtik
781,159,समझने,samajhne
782,159,वाद्य,vādya
783,159,प्रतीक,pratīk
784,159,तुम्हारा,tumhārā
785,159,छात्र,chātra
786,159,चुप,cup
787,159,अक्सर,aksar
788,158,जायेगी,jāyegī
789,157,रखे,rakhe
790,157,भार,bhār
791,157,फलों,phalõ
792,157,जीवित,jīvit
793,157,आजकल,ājkal
794,156,विस्तृत,vistŕt
795,156,गिर,gir
796,156,गुरू,gurū
797,156,खाद्य,khādya
798,156,उतर,utar
799,156,अमेरिका,amerikā
800,155,सुना,sunā
801,155,स्थानीय,sthānīya
802,155,विषयों,viṣyõ
803,155,घंटे,ghaṇṭe
804,155,कराने,karāne
805,155,उतना,utnā
806,154,शताब्दी,śatābdī
807,154,व्यवसाय,vyavsāy
808,154,मंदिर,mandir
809,154,परिचय,paricay
810,154,गांवों,gāmvõ
811,153,बाँध,bāndh
812,153,निश्चय,niścay
813,153,उपकरण,upakraṇ
814,153,आतंकवादियों,ātaṅkvādiyõ
815,152,वैदिक,vaidik
816,152,भागों,bhāgõ
817,152,अंश,añś
818,151,सूत्र,sūtra
819,151,विविध,vividh
820,151,बारह,bārah
821,151,फलस्वरूप,phalasvarūp
822,151,काट,kāṭ
823,151,अधिकतर,adhiktar
824,150,स्वाभाविक,svābhāvik
825,150,वाक्य,vākya
826,150,बैठी,baiṭhī
827,150,परिस्थितियों,paristhitiyõ
828,149,सूर्य,sūrya
829,149,शत्रु,śatru
830,149,पत्तियों,pattiyõ
831,149,नियोजन,niyojan
832,149,ग्रन्थ,granth
833,149,कही,kahī
834,149,उम्र,umra
835,149,अग्नि,agni
836,148,सिख,sikh
837,148,बाप,bāp
838,148,पाकिस्तान,pākistān
839,148,पश्चात्,paścāt
840,148,चिन्ता,cintā
841,148,आयोजित,āyojit
842,147,यहीं,yahī̃
843,146,वाद्यों,vādyõ
844,146,मुसलमान,musalmān
845,146,भेज,bhej
846,146,बैंक,ba͠ik
847,146,नारी,nārī
848,146,अंतिम,antim
849,145,समुद्र,samudra
850,145,संग्रह,saṅgrah
851,145,लेती,letī
852,145,दृश्य,dŕśya
853,145,खाद,khād
854,145,आलोचना,ālocnā
855,144,हैक्टर,haikṭar
856,144,विरोधी,virodhī
857,144,पश्चिमी,paścimī
858,144,धान,dhān
859,144,डाक,ḍāk
860,144,कदम,kadam
861,144,आकाश,ākāś
862,143,स्थायी,sthāyī
863,143,वितरण,vitraṇ
864,143,वंश,vañś
865,143,रोक,rok
866,143,प्रेरणा,prerṇā
867,143,चीनी,cīnī
868,143,औरत,aurat
869,143,अप्रैल,aprail
870,143,अनिवार्य,anivārya
871,142,सकें,sakẽ
872,142,महिला,mahilā
873,142,पहचान,pahcān
874,142,क्रमशः,kramśaḥ
875,141,सैनिक,sainik
876,141,वजह,vajah
877,141,लकड़ी,lakṛī
878,141,रुपये,rupye
879,141,बढ़ा,baṛhā
880,141,पीठ,pīṭh
881,141,पाई,pāī
882,141,डाक्टर,ḍākṭar
883,140,सम्पर्क,sampark
884,140,वीं,vī̃
885,140,माननीय,mānnīya
886,140,मूल्यांकन,mūlyāṅkan
887,140,गाय,gāy
888,140,क्षण,kṣaṇ
889,139,हालत,hālat
890,139,संदर्भ,sandarbh
891,139,बीस,bīs
892,139,दोष,doṣ
893,139,जीव,jīv
894,139,चित्रित,citrit
895,139,खान,khān
896,139,खुशी,khuśī
897,138,रोजगार,rojgār
898,138,रिपोर्ट,riporṭ
899,138,मंत्रालय,mantrālay
900,138,प्राथमिक,prāthmik
901,138,प्रदर्शित,pradarśit
902,138,धारणा,dhārṇā
903,138,ताल,tāl
904,138,जंगल,jaṅgal
905,137,सका,sakā
906,137,यान,yān
907,137,उपक्रम,upakram
908,137,अंकित,aṅkit
909,136,शिव,śiv
910,136,त्याग,tyāg
911,136,जिसने,jisne
912,136,गरम,garam
913,135,समाचार,samācār
914,135,शाखा,śākhā
915,135,बुरी,burī
916,135,डाला,ḍālā
917,135,जून,jūn
918,135,ज्ञात,jñāt
919,135,गर्भ,garbh
920,135,कर्मचारियों,karmacāriyõ
921,134,मामलों,māmlõ
922,134,बजाय,bajāy
923,134,तरीके,tarīke
924,134,आदर्श,ādarś
925,133,हिस्सा,hissā
926,133,संरचना,sanracnā
927,133,स्पर्श,sparś
928,133,जनवरी,janavrī
929,133,चित्रकला,citraklā
930,133,चरित्र,caritra
931,133,क्षेत्रीय,kṣetrīya
932,133,क्यू,kyū
933,132,रखता,rakhtā
934,132,बिक्री,bikrī
935,132,पुस्तकों,pustakõ
936,132,निर्मित,nirmit
937,132,जैन,jain
938,132,गले,gale
939,132,ग्रा,grā
940,132,खराब,kharāb
941,132,करो,karo
942,132,कक्षा,kakṣā
943,132,आश्चर्य,āścarya
944,131,रास्ता,rāstā
945,131,युक्त,yukt
946,131,बनाए,banāe
947,131,बेटा,beṭā
948,131,बेटे,beṭe
949,131,प्रबन्ध,prabandh
950,131,निम्नलिखित,nimnalikhit
951,131,चेहरा,cehrā
952,131,अर्जुन,arjun
953,130,सम्मान,sammān
954,130,यथार्थ,yathārth
955,130,बहू,bahū
956,130,ध्वनियों,dhvaniyõ
957,130,जिन्होंने,jinhõne
958,130,छाया,chāyā
959,130,खबर,khabar
960,129,संकट,saṅkaṭ
961,129,बेटी,beṭī
962,129,पशुओं,paśuõ
963,129,अति,ati
964,128,समझता,samajhtā
965,128,रोकने,rokne
966,128,भक्ति,bhakti
967,128,दशा,daśā
968,128,चलती,caltī
969,128,घास,ghās
970,128,कथन,kathan
971,127,सामान,sāmān
972,127,मजदूरी,majdūrī
973,127,भरी,bharī
974,127,बिलकुल,bilkul
975,127,दूसरों,dūsrõ
976,127,गरीब,garīb
977,127,अस्तित्व,astitva
978,127,अकेले,akele
979,126,सौन्दर्य,saundarya
980,126,साहसी,sāhsī
981,126,समझते,samajhte
982,126,विद्युत,vidyut
983,126,लिखी,likhī
984,126,नाटक,nāṭak
985,126,धूप,dhūp
986,126,दरवाजे,darvāje
987,126,कमजोर,kamjor
988,126,आदत,ādat
989,125,सम्प्रदाय,sampradāy
990,125,शोध,śodh
991,125,वीर,vīr
992,125,रुपया,rupyā
993,125,मौत,maut
994,125,भले,bhale
995,125,प्रसन्न,prasann
996,125,निजी,nijī
997,125,जातियों,jātiyõ
998,125,गीतों,gītõ
999,125,कीट,kīṭ
1000,125,उतनी,utnī
1001,125,अभ्यास,abhyās
1002,124,रंगों,raṅgõ
1003,124,मान्यता,mānyatā
1004,124,मजबूत,majbūt
1005,124,भीड़,bhīṛ
1006,124,नियमों,niymõ
1007,124,उठता,uṭhtā
1008,124,आनन्द,ānand
1009,123,विष,viṣ
1010,123,प्र,pra
1011,123,तमाम,tamām
1012,123,चिन्ह,cinha
1013,122,स्थिर,sthir
1014,122,शराब,śarāb
1015,122,वैज्ञानिकों,vaijñānikõ
1016,122,पहुंचा,pahuñcā
1017,122,नियमित,niymit
1018,122,नवीन,navīn
1019,122,गहरी,gahrī
1020,122,ऊष्मा,ūṣmā
1021,122,उत्तम,uttam
1022,121,शास्त्र,śāstra
1023,121,माह,māh
1024,121,मालिक,mālik
1025,121,भला,bhalā
1026,121,भरे,bhare
1027,121,बनाई,banāī
1028,121,गरीबी,garībī
1029,121,आन्दोलन,āndolan
1030,120,विद्या,vidyā
1031,120,पारिवारिक,pārivārik
1032,120,तोड़,toṛ
1033,120,चीजें,cījẽ
1034,120,कठोर,kaṭhor
1035,120,अनुपात,anupāt
1036,119,हरियाणा,hariyāṇā
1037,119,सम्पन्न,sampann
1038,119,विधान,vidhān
1039,119,राय,rāy
1040,119,तुरन्त,turant
1041,119,आपस,āpas
1042,119,अधीन,adhīn
1043,118,शिक्षक,śikṣak
1044,118,विजय,vijay
1045,118,लेख,lekh
1046,118,महोदय,mahoday
1047,118,भी,bhī
1048,118,फरवरी,pharavrī
1049,118,पित्त,pitt
1050,118,प्रत्यक्ष,pratyakṣ
1051,118,तर्क,tark
1052,118,जेल,jel
1053,118,चुपचाप,cupcāp
1054,118,करा,karā
1055,118,अनुकूल,anukūl
1056,117,विष्णु,viṣṇu
1057,117,यों,yõ
1058,117,भूख,bhūkh
1059,117,बांस,bāns
1060,117,बनता,bantā
1061,117,बनकर,bankar
1062,117,बैठकर,baiṭhkar
1063,117,पात्र,pātra
1064,117,पूर्वी,pūrvī
1065,117,कठिनाई,kaṭhināī
1066,117,इत्यादि,ityādi
1067,116,सदस्यों,sadasyõ
1068,116,मूत्र,mūtra
1069,116,भरा,bharā
1070,116,बुरा,burā
1071,116,घोषणा,ghoṣṇā
1072,116,खोल,khol
1073,116,खुश,khuś
1074,116,खेतों,khetõ
1075,116,कोश,koś
1076,116,उपस्थित,upasthit
1077,116,अभिव्यक्ति,abhivyakti
1078,115,श्रेष्ठ,śreṣṭh
1079,115,नाग,nāg
1080,115,नाक,nāk
1081,115,जाता,jātā
1082,115,छूट,chūṭ
1083,115,घरों,gharõ
1084,115,खून,khūn
1085,115,करेगा,karegā
1086,115,उतार,utār
1087,115,अपराध,aprādh
1088,115,अधिनियम,adhiniyam
1089,114,साहस,sāhas
1090,114,सर्वप्रथम,sarvapratham
1091,114,पढ़ाई,paṛhāī
1092,114,दिखायी,dikhāyī
1093,114,दुख,dukh
1094,114,अगस्त,agast
1095,113,साथी,sāthī
1096,113,सक्रिय,sakriya
1097,113,पढ़ने,paṛhne
1098,113,पढ़,paṛh
1099,113,चालू,cālū
1100,113,आधा,ādhā
1101,112,समितियों,samitiyõ
1102,112,सूची,sūcī
1103,112,विवेचन,vivecan
1104,112,मनोविज्ञान,manovijñān
1105,112,पहुंचे,pahuñce
1106,112,पुस्तकें,pustakẽ
1107,112,किशोरी,kiśorī
1108,112,इस्पात,ispāt
1109,111,सामना,sāmnā
1110,111,व्याख्या,vyākhyā
1111,111,फुट,phuṭ
1112,111,दिमाग,dimāg
1113,111,कर्मचारी,karmacārī
1114,111,असर,asar
1115,111,अफसर,aphsar
1116,110,सतह,satah
1117,110,विचित्र,vicitra
1118,110,बैल,bail
1119,110,तहत,tahat
1120,110,केन्द्रों,kendrõ
1121,110,अम्ल,amla
1122,109,संरक्षण,sanrakṣaṇ
1123,109,सुनने,sunne
1124,109,वाणी,vāṇī
1125,109,लोहे,lohe
1126,109,यंत्र,yantra
1127,109,भाषाविज्ञान,bhāṣāvijñān
1128,109,बोलने,bolne
1129,109,बोध,bodh
1130,109,प्रकाशन,prakāśan
1131,109,दादा,dādā
1132,109,टूट,ṭūṭ
1133,109,चरक,carak
1134,109,खाते,khāte
1135,109,कान,kān
1136,109,उद्योगों,udyogõ
1137,109,आक्रमण,ākramaṇ
1138,109,अंग्रेजों,aṅgrejõ
1139,108,संभावना,sambhāvnā
1140,108,यथा,yathā
1141,108,भेजा,bhejā
1142,108,बनाते,banāte
1143,108,नरेश,nareś
1144,108,दो,do
1145,108,चोरी,corī
1146,108,चित्रकार,citrakār
1147,108,कहे,kahe
1148,107,स्वतन्त्र,svatantra
1149,107,सूरज,sūraj
1150,107,सूक्ष्म,sūkṣma
1151,107,विशेषता,viśeṣtā
1152,107,लिख,likh
1153,107,मास,mās
1154,107,पंचायत,pañcāyat
1155,107,चरण,caraṇ
1156,107,गली,galī
1157,107,खुले,khule
1158,107,कुर्सी,kursī
1159,106,सन्दर्भ,sandarbh
1160,106,स्त्रोत,strot
1161,106,वर्गीकरण,vargīkraṇ
1162,106,महाभारत,mahābhārat
1163,106,फैल,phail
1164,106,पेश,peś
1165,106,प्रौद्योगिकी,praudyogikī
1166,106,पुराण,purāṇ
1167,106,निर्धारण,nirdhāraṇ
1168,106,चीन,cīn
1169,105,शिकायत,śikāyat
1170,105,विद्यालय,vidyālay
1171,105,वस्तुतः,vastutaḥ
1172,105,लाया,lāyā
1173,105,बहन,bahan
1174,105,पक्षी,pakṣī
1175,105,निर्यात,niryāt
1176,105,ना,nā
1177,105,जाये,jāye
1178,105,ज्यों,jyõ
1179,105,चक्कर,cakkar
1180,105,गोली,golī
1181,105,कल्याण,kalyāṇ
1182,105,क्रोध,krodh
1183,105,कराया,karāyā
1184,105,इंका,iṅkā
1185,104,सीधा,sīdhā
1186,104,संचार,sañcār
1187,104,विरुद्ध,viruddh
1188,104,विद्वानों,vidvānõ
1189,104,लम्बे,lambe
1190,104,भुगतान,bhugtān
1191,104,तुझे,tujhe
1192,104,चयन,cayan
1193,104,घोड़े,ghoṛe
1194,104,उच्चारण,uccāraṇ
1195,103,सोने,sone
1196,103,मौका,maukā
1197,103,मोटे,moṭe
1198,103,भाषण,bhāṣaṇ
1199,103,निकला,niklā
1200,103,देवताओं,devtāõ
1201,103,उत्पत्ति,utpatti
1202,102,शहरी,śahrī
1203,102,शक्ति,śakti
1204,102,राष्ट्रपति,rāṣṭrapti
1205,102,महाराज,mahārāj
1206,102,मन्दिर,mandir
1207,102,इन्द्र,indra
1208,102,अपेक्षित,apekṣit
1209,102,अंतर्गत,antargat
1210,102,अजीब,ajīb
1211,101,संस्कार,sanskār
1212,101,समाधान,samādhān
1213,101,शूल,śūl
1214,101,लिखे,likhe
1215,101,रहेगा,rahegā
1216,101,रमेश,rameś
1217,101,जड़,jaṛ
1218,101,अधिगम,adhigam
1219,100,सर्वाधिक,sarvādhik
1220,100,मानता,māntā
1221,100,मन्त्री,mantrī
1222,100,बाढ़,bāṛh
1223,100,बजट,bajaṭ
1224,100,नुकसान,nuksān
1225,100,थोड़े,thoṛe
1226,100,जाल,jāl
1227,100,जानने,jānne
1228,100,कम्पनी,kampanī
1229,100,कक्ष,kakṣ
1230,100,उपकरणों,upkarṇõ
1231,100,उत्पन्न,utpann
1232,100,उठकर,uṭhkar
1233,100,इसको,isko
1234,99,साम्राज्य,sāmrājya
1235,99,संशोधन,sañśodhan
1236,99,राजाओं,rājāõ
1237,99,पसन्द,pasand
1238,99,छात्रों,chātrõ
1239,99,गहरा,gahrā
1240,99,किलोग्राम,kilogrām
1241,99,कालेज,kālej
1242,99,उल्लेखनीय,ullekhnīya
1243,99,उपलब्धि,uplabdhi
1244,99,उत्साह,utsāh
1245,98,मजदूर,majdūr
1246,98,प्रार्थना,prārthanā
1247,98,छिड़काव,chiṛkāv
1248,97,समुदाय,samudāy
1249,97,शोथ,śoth
1250,97,लोरिक,lorik
1251,97,बौद्ध,bauddh
1252,97,बाग,bāg
1253,97,बचा,bacā
1254,97,पहाड़ी,pahāṛī
1255,97,प्रोत्साहन,protsāhan
1256,97,प्रबल,prabal
1257,97,पदार्थों,padārthõ
1258,97,पूंजी,pūñjī
1259,97,जगत,jagat
1260,97,घोल,ghol
1261,97,एकता,ektā
1262,96,सोचने,socne
1263,96,सामान्यतः,sāmānyataḥ
1264,96,स्वतंत्रता,svatantratā
1265,96,वित्तीय,vittīya
1266,96,मानकर,mānkar
1267,96,भौतिक,bhautik
1268,96,पाठ्यक्रम,pāṭhyakram
1269,96,परिणामस्वरूप,pariṇāmasvarūp
1270,96,पर्वत,parvat
1271,96,तलाश,talāś
1272,96,गोद,god
1273,96,गांधीजी,gāndhījī
1274,96,का,kā
1275,96,अन्तर्राष्ट्रीय,antarrāṣṭrīya
1276,95,सहन,sahan
1277,95,शेर,śer
1278,95,वैसा,vaisā
1279,95,वस्त्र,vastra
1280,95,लक्ष्मी,lakṣmī
1281,95,रूक,rūk
1282,95,मुक्ति,mukti
1283,95,प्रोटीन,proṭīn
1284,95,चलकर,calkar
1285,95,गंभीर,gambhīr
1286,95,आधी,ādhī
1287,95,अंकन,aṅkan
1288,94,हिंदी,hindī
1289,94,शान्त,śānt
1290,94,शांति,śānti
1291,94,वर्गों,vargõ
1292,94,वृक्षों,vŕkṣõ
1293,94,रोगों,rogõ
1294,94,बम्बई,bambaī
1295,94,प्रथा,prathā
1296,94,चीजों,cījõ
1297,94,अतएव,ataev
1298,93,सकती,saktī
1299,93,महिलाओं,mahilāõ
1300,93,बाह्य,bāhya
1301,93,प्रेरित,prerit
1302,93,निहित,nihit
1303,93,दिखाया,dikhāyā
1304,93,डालने,ḍālne
1305,93,डेढ़,ḍeṛh
1306,93,गैर,gair
1307,92,सम्पत्ति,sampatti
1308,92,श्रद्धा,śraddhā
1309,92,वार्ता,vārtā
1310,92,लड़कों,laṛkõ
1311,92,मानने,mānne
1312,92,मुझ,mujh
1313,92,नमक,namak
1314,92,छवि,chavi
1315,92,चाचा,cācā
1316,92,चलो,calo
1317,92,करेगा,karegā
1318,91,हिमाचल,himācal
1319,91,स्मिता,smitā
1320,91,स्थल,sthal
1321,91,रखती,rakhtī
1322,91,रकम,rakam
1323,91,पहुंचने,pahuñcne
1324,91,नाना,nānā
1325,91,दरवाजा,darvājā
1326,91,दुकान,dukān
1327,91,ठोस,ṭhos
1328,91,जेब,jeb
1329,91,चिन्तन,cintan
1330,91,गर्मी,garmī
1331,91,खरीद,kharīd
1332,91,क्रांति,krānti
1333,91,ऋतु,ŕtu
1334,90,सुनाई,sunāī
1335,90,विद्यालयों,vidyālyõ
1336,90,लिखने,likhne
1337,90,लखनऊ,lakhnaū
1338,90,राग,rāg
1339,90,बरस,baras
1340,90,ब्रज,braj
1341,90,पश्चात,paścāt
1342,90,डाली,ḍālī
1343,90,गृह,gŕh
1344,90,अकाली,akālī
1345,89,सावधानी,sāvdhānī
1346,89,सेवन,sevan
1347,89,स्वतन्त्रता,svatantratā
1348,89,शून्य,śūnya
1349,89,विद्यार्थियों,vidyārthiyõ
1350,89,मोटी,moṭī
1351,89,भ्रष्टाचार,bhraṣṭācār
1352,89,देह,deh
1353,89,तेरे,tere
1354,89,कार्रवाई,kārravāī
1355,89,कार्यवाही,kāryavāhī
1356,89,इस्लाम,islām
1357,89,आश्रम,āśram
1358,89,आकर्षण,ākarṣaṇ
1359,88,हिस्से,hisse
1360,88,सम्राट,samrāṭ
1361,88,परेशान,pareśān
1362,88,परम्परागत,paramparāgat
1363,88,दिसम्बर,disambar
1364,88,जनसंख्या,jansaṅkhyā
1365,88,घोषित,ghoṣit
1366,88,ऋषि,ŕṣi
1367,88,अखबार,akhbār
1368,87,रूपों,rūpõ
1369,87,भस्म,bhasma
1370,87,बगल,bagal
1371,87,परिस्थिति,paristhiti
1372,87,निगम,nigam
1373,87,नारायण,nārāyaṇ
1374,87,तुरंत,turant
1375,87,ढोला,ḍholā
1376,87,डालकर,ḍālkar
1377,87,चावल,cāval
1378,87,गणेश,gaṇeś
1379,87,कार्यक्रमों,kāryakramõ
1380,87,उठी,uṭhī
1381,87,ईश्वर,īśvar
1382,87,आतंकवादी,ātaṅkvādī
1383,87,आँख,ā̃kh
1384,87,अदालत,adālat
1385,86,होटल,hoṭal
1386,86,हार,hār
1387,86,हजारों,hajārõ
1388,86,संदेह,sandeh
1389,86,संक्षिप्त,saṅkṣipt
1390,86,विद्वान,vidvān
1391,86,व्रत,vrat
1392,86,महत्व,mahatva
1393,86,भयंकर,bhayaṅkar
1394,86,बेहतर,behtar
1395,86,ब्रिटिश,briṭiś
1396,86,प्रिय,priya
1397,86,नियुक्त,niyukt
1398,86,गम्भीर,gambhīr
1399,86,उक्त,ukt
1400,86,अमल,amal
1401,85,हवाई,havāī
1402,85,हरे,hare
1403,85,स्वर्णमंदिर,svarṇamandir
1404,85,ली,lī
1405,85,मामला,māmlā
1406,85,मछली,machlī
1407,85,बचपन,bacpan
1408,85,बैंकों,ba͠ikõ
1409,85,पान,pān
1410,85,प्राण,prāṇ
1411,85,प्रतिक्रिया,pratikriyā
1412,85,जीवाणु,jīvāṇu
1413,85,छाती,chātī
1414,85,गढ़वाल,gaṛhvāl
1415,85,खुला,khulā
1416,85,कार,kār
1417,85,क्रियाओं,kriyāõ
1418,85,अम्मा,ammā
1419,85,अंगों,aṅgõ
1420,84,सन्देह,sandeh
1421,84,विवाद,vivād
1422,84,लड़कियों,laṛkiyõ
1423,84,बाहरी,bāhrī
1424,84,बारी,bārī
1425,84,प्लेग,pleg
1426,84,पुरुष,puruṣ
1427,84,दोपहर,dophar
1428,84,तमिल,tamil
1429,84,चौधरी,caudhrī
1430,84,आचरण,ācraṇ
1431,84,अनाज,anāj
1432,83,ही,hī
1433,83,सिरे,sire
1434,83,साढ़े,sāṛhe
1435,83,संयोग,sãyog
1436,83,विमर्श,vimarś
1437,83,विधियों,vidhiyõ
1438,83,व्यावहारिक,vyāvhārik
1439,83,वचन,vacan
1440,83,रात्रि,rātri
1441,83,भावों,bhāvõ
1442,83,भेंट,bhẽṭ
1443,83,बुआई,buāī
1444,83,पैरों,pairõ
1445,83,पुराना,purānā
1446,83,प्रतीक्षा,pratīkṣā
1447,83,पत्रों,patrõ
1448,83,पड़ेगा,paṛegā
1449,83,जाओ,jāo
1450,83,किस्मों,kismõ
1451,83,किन,kin
1452,83,उठे,uṭhe
1453,83,आचार्य,ācārya
1454,83,आई,āī
1455,83,अफ्रीका,aphrīkā
1456,83,अतीत,atīt
1457,82,हल्के,halke
1458,82,सागर,sāgar
1459,82,शाह,śāh
1460,82,शान्ति,śānti
1461,82,विदेश,videś
1462,82,वजन,vajan
1463,82,लाखों,lākhõ
1464,82,प्रारंभ,prārambh
1465,82,प्राणियों,prāṇiyõ
1466,82,निर्देश,nirdeś
1467,82,दावा,dāvā
1468,82,दे,de
1469,82,चाहा,cāhā
1470,82,उदास,udās
1471,82,उत्तरी,uttarī
1472,82,असली,aslī
1473,81,हिम्मत,himmat
1474,81,हरी,harī
1475,81,स्नेह,sneh
1476,81,शासक,śāsak
1477,81,बदले,badle
1478,81,बचाने,bacāne
1479,81,प्रतिनिधि,pratinidhi
1480,81,दरअसल,daraasal
1481,81,देखभाल,dekhbhāl
1482,81,तने,tane
1483,81,जानती,jāntī
1484,81,केंद्र,kendra
1485,81,औषधि,auṣdhi
1486,81,उत्सव,utsav
1487,81,इनसे,inse
1488,80,साथियों,sāthiyõ
1489,80,संसाधन,sansādhan
1490,80,सदन,sadan
1491,80,सूखे,sūkhe
1492,80,संकल्प,saṅkalp
1493,80,शक्तिशाली,śaktiśālī
1494,80,व्यर्थ,vyarth
1495,80,मिश्रण,miśraṇ
1496,80,बोरोन,boron
1497,80,निकालने,nikālne
1498,80,घूम,ghūm
1499,80,गुस्सा,gussā
1500,80,क्षति,kṣati
1501,80,उठती,uṭhtī
1502,80,अरब,arab
1503,80,अत्यंत,atyant
1504,80,अक्षर,akṣar
1505,79,संस्थानों,sansthānõ
1506,79,सुपर,supar
1507,79,संगठनों,saṅgaṭhnõ
1508,79,विशेषकर,viśeṣkar
1509,79,वेद,ved
1510,79,महाराजा,mahārājā
1511,79,भरत,bharat
1512,79,बोझ,bojh
1513,79,बादल,bādal
1514,79,बयान,bayān
1515,79,पत्तियां,pattiyā̃
1516,79,चढ़,caṛh
1517,79,उम्मीद,ummīd
1518,79,उपेक्षा,upekṣā
1519,78,सिद्धान्तों,siddhāntõ
1520,78,स्व,sva
1521,78,सुनते,sunte
1522,78,सकते,sakte
1523,78,रबड़,rabaṛ
1524,78,मेल,mel
1525,78,मेकअप,mekaap
1526,78,भूत,bhūt
1527,78,बनते,bante
1528,78,प्रशंसा,praśansā
1529,78,प्रतिदिन,pratidin
1530,78,पूछ,pūch
1531,78,दबाव,dabāv
1532,78,दण्ड,daṇḍ
1533,78,टुकड़े,ṭukṛe
1534,78,गहराई,gahrāī
1535,78,खींच,khī̃c
1536,78,उर्वरक,urvarak
1537,77,हिंसा,hinsā
1538,77,साधना,sādhnā
1539,77,सेवाओं,sevāõ
1540,77,सर्वथा,sarvathā
1541,77,लेखन,lekhan
1542,77,परेशानी,pareśānī
1543,77,प्रताप,pratāp
1544,77,पेड़ों,peṛõ
1545,77,चेष्टा,ceṣṭā
1546,76,व्याकरण,vyākraṇ
1547,76,लाइसेंस,lāisẽs
1548,76,ललित,lalit
1549,76,रूस,rūs
1550,76,मील,mīl
1551,76,बर्फ,barph
1552,76,पाप,pāp
1553,76,पुत्री,putrī
1554,76,दफ्तर,daphtar
1555,76,जानवर,jānvar
1556,76,गाने,gāne
1557,76,कार्यकर्ता,kāryakartā
1558,76,कलाकारों,kalākārõ
1559,76,करता,kartā
1560,76,उत्पाद,utpād
1561,76,आएँ,āẽ
1562,75,सोचते,socte
1563,75,सीख,sīkh
1564,75,सास,sās
1565,75,वीणा,vīṇā
1566,75,यूरेनियम,yūreniyam
1567,75,मौलिक,maulik
1568,75,मारने,mārne
1569,75,मुहम्मद,muhammad
1570,75,बिल,bil
1571,75,बचत,bacat
1572,75,प्रावधान,prāvdhān
1573,75,पचास,pacās
1574,75,नागरिक,nāgrik
1575,75,नेहरू,nehrū
1576,75,देन,den
1577,75,गिरने,girne
1578,75,गहरे,gahre
1579,75,उपन्यास,upanyās
1580,75,इलाके,ilāke
1581,75,आन्तरिक,āntarik
1582,74,हिन्दुस्तान,hindustān
1583,74,संसद,sansad
1584,74,स्वीकृति,svīkŕti
1585,74,संपर्क,sampark
1586,74,विभाजन,vibhājan
1587,74,लौटने,lauṭne
1588,74,यूरोप,yūrop
1589,74,मंच,mañc
1590,74,भाग्य,bhāgya
1591,74,बेहद,behad
1592,74,बुलाया,bulāyā
1593,74,पाए,pāe
1594,74,प्रयोगशाला,prayogśālā
1595,74,प्रमाणित,pramāṇit
1596,74,प्रभावशाली,prabhāvśālī
1597,74,जीत,jīt
1598,74,जानवरों,jānavrõ
1599,74,गुस्से,gusse
1600,74,गर्दन,gardan
1601,74,गुरू,gurū
1602,74,अधिकतम,adhiktam
1603,73,सृष्टि,sŕṣṭi
1604,73,शिक्षित,śikṣit
1605,73,शहद,śahad
1606,73,वरन,varan
1607,73,रोम,rom
1608,73,बदन,badan
1609,73,फैला,phailā
1610,73,फेंक,phẽk
1611,73,पिछड़े,pichṛe
1612,73,परिश्रम,pariśram
1613,73,परिवारों,parivārõ
1614,73,परिभाषा,paribhāṣā
1615,73,प्रारम्भिक,prārambhik
1616,73,पुरुषों,puruṣõ
1617,73,निरीक्षण,nirīkṣaṇ
1618,73,दास,dās
1619,73,देव,dev
1620,73,ताकत,tākat
1621,73,तंत्र,tantra
1622,73,तत्कालीन,tatkālīn
1623,73,तकनीक,taknīk
1624,73,चलाने,calāne
1625,73,गठन,gaṭhan
1626,73,अनुभूति,anubhūti
1627,72,हिन्दुओं,hinduõ
1628,72,हिंदू,hindū
1629,72,हालांकि,hālāṅki
1630,72,सामूहिक,sāmūhik
1631,72,सरकारों,sarkārõ
1632,72,संयंत्र,sãyantra
1633,72,सुंदर,sundar
1634,72,सृजन,sŕjan
1635,72,वैसी,vaisī
1636,72,लावनी,lāvnī
1637,72,लक्षणों,lakṣaṇõ
1638,72,राहुलजी,rāhuljī
1639,72,युवा,yuvā
1640,72,मूर्ति,mūrti
1641,72,बेर,ber
1642,72,पाण्डु,pāṇḍu
1643,72,ध्रुपद,dhrupad
1644,72,तथ्यों,tathyõ
1645,72,ढेर,ḍher
1646,72,जायें,jāyẽ
1647,72,ग्रन्थों,granthõ
1648,72,गणित,gaṇit
1649,72,कहानियों,kahāniyõ
1650,72,अशोक,aśok
1651,71,साबित,sābit
1652,71,समझना,samajhnā
1653,71,संज्ञा,sañjñā
1654,71,शांत,śānt
1655,71,श्रीलंका,śrīlaṅkā
1656,71,श्रमिक,śramik
1657,71,शर्त,śart
1658,71,लिपि,lipi
1659,71,मानवीय,mānvīya
1660,71,पक्षियों,pakṣiyõ
1661,71,निवासी,nivāsī
1662,71,तुलनात्मक,tulnātmak
1663,71,चमक,camak
1664,71,गोल,gol
1665,71,खाकर,khākar
1666,71,कोट,koṭ
1667,71,इंच,iñc
1668,71,आसन,āsan
1669,71,अकेला,akelā
1670,70,शर्मा,śarmā
1671,70,विश्वविद्यालय,viśvavidyālay
1672,70,विधायक,vidhāyak
1673,70,वर्मा,varmā
1674,70,वैद्य,vaidya
1675,70,राजस्थानी,rājasthānī
1676,70,मानना,mānnā
1677,70,भरपूर,bharpūr
1678,70,भगत,bhagat
1679,70,बस्ती,bastī
1680,70,बैठने,baiṭhne
1681,70,प्रतिभा,pratibhā
1682,70,प्रजा,prajā
1683,70,प्रकोप,prakop
1684,70,नायक,nāyak
1685,70,दोस्त,dost
1686,70,तिवारी,tivārī
1687,70,घड़ी,ghaṛī
1688,70,गलती,galtī
1689,70,कार्बन,kārban
1690,70,उपचार,upcār
1691,70,ईसाई,īsāī
1692,70,आवेदन,āvedan
1693,70,आयुर्वेद,āyurved
1694,70,आदर,ādar
1695,70,अत्याचार,atyācār
1696,69,हिमालय,himālay
1697,69,हंस,hans
1698,69,सोचता,soctā
1699,69,विश्वनाथ,viśvanāth
1700,69,वेतन,vetan
1701,69,मथुरा,mathurā
1702,69,भाभी,bhābhī
1703,69,भेजे,bheje
1704,69,ब्यूरो,byūro
1705,69,बनती,bantī
1706,69,पक्षों,pakṣõ
1707,69,घरेलू,gharelū
1708,69,गणना,gaṇnā
1709,69,कहलाता,kahlātā
1710,69,कलावती,kalāvtī
1711,69,करना,karnā
1712,69,उदाहरणार्थ,udāharṇārth
1713,69,उड़,uṛ
1714,69,आघात,āghāt
1715,68,हमला,hamlā
1716,68,व्यावसायिक,vyāvsāyik
1717,68,लोकप्रिय,lokapriya
1718,68,रेलवे,relve
1719,68,मिश्रित,miśrit
1720,68,महान,mahān
1721,68,मेहनत,mehnat
1722,68,बिन्दु,bindu
1723,68,फलतः,phaltaḥ
1724,68,प्रोफेसर,prophesar
1725,68,प्रचलन,praclan
1726,68,औसत,ausat
1727,68,एकाएक,ekāek
1728,68,उपस्थिति,upasthiti
1729,68,उन्नति,unnati
1730,68,आधे,ādhe
1731,68,अली,alī
1732,67,सरस्वती,sarasvatī
1733,67,समर्थ,samarth
1734,67,सम्भवतः,sambhavtaḥ
1735,67,सड़कों,saṛkõ
1736,67,विशेषज्ञ,viśeṣajña
1737,67,विद्रोह,vidroh
1738,67,वात,vāt
1739,67,व्यस्त,vyast
1740,67,लाकर,lākar
1741,67,राव,rāv
1742,67,योजनाओं,yojnāõ
1743,67,मंत्र,mantra
1744,67,बताने,batāne
1745,67,बताते,batāte
1746,67,प्रश्नों,praśnõ
1747,67,पकड़ा,pakṛā
1748,67,नोट,noṭ
1749,67,निवेदन,nivedan
1750,67,न्याय,nyāy
1751,67,धूल,dhūl
1752,67,दाने,dāne
1753,67,दान,dān
1754,67,देवीगढ़,devīgaṛh
1755,67,तरल,taral
1756,67,कोरियाई,koriyāī
1757,67,किलोमीटर,kilomīṭar
1758,67,किताब,kitāb
1759,67,क्षमा,kṣamā
1760,67,इंजन,iñjan
1761,67,आए,āe
1762,67,असफल,asphal
1763,66,हल्की,halkī
1764,66,सावित्री,sāvitrī
1765,66,सरदार,sardār
1766,66,सगर्भता,sagarbhatā
1767,66,शुभ,śubh
1768,66,लहर,lahar
1769,66,लेखा,lekhā
1770,66,मासिक,māsik
1771,66,मद्रास,madrās
1772,66,मंगल,maṅgal
1773,66,भली,bhalī
1774,66,भेजने,bhejne
1775,66,बिजलीघर,bijlīghar
1776,66,बनाता,banātā
1777,66,पवित्र,pavitra
1778,66,परिषद,pariṣad
1779,66,परि,pari
1780,66,पूछा,pūchā
1781,66,नौकर,naukar
1782,66,निकालकर,nikālkar
1783,66,नासिक्य,nāsikya
1784,66,तापमान,tāpmān
1785,66,तरीका,tarīkā
1786,66,झूठ,jhūṭh
1787,66,जाती,jātī
1788,66,छुट्टी,chuṭṭī
1789,66,घाट,ghāṭ
1790,66,गोबर,gobar
1791,66,कामों,kāmõ
1792,66,कश्मीर,kaśmīr
1793,66,ऊंची,ūñcī
1794,66,उन्नत,unnat
1795,66,आजाद,ājād
1796,66,आग्रह,āgrah
1797,66,अमृतसर,amŕtsar
1798,66,अनु,anu
1799,66,अद्भुत,adbhut
1800,66,अतः,ataḥ
1801,65,सिखों,sikhõ
1802,65,साधु,sādhu
1803,65,संदेश,sandeś
1804,65,लिखित,likhit
1805,65,लेप,lep
1806,65,मर्यादा,maryādā
1807,65,मेज,mej
1808,65,मुख्यतः,mukhyataḥ
1809,65,भाजपा,bhājpā
1810,65,बेकार,bekār
1811,65,पैदावार,paidāvār
1812,65,नाश,nāś
1813,65,दलों,dalõ
1814,65,जापान,jāpān
1815,65,गोपाल,gopāl
1816,65,कोशिकाओं,kośikāõ
1817,65,काटने,kāṭne
1818,65,कूद,kūd
1819,65,उपदेश,updeś
1820,65,उड़ान,uṛān
1821,65,अंतरिक्ष,antrikṣ
1822,64,सहसा,sahsā
1823,64,व्यास,vyās
1824,64,मित्रों,mitrõ
1825,64,भोग,bhog
1826,64,बुला,bulā
1827,64,प्रातः,prātaḥ
1828,64,पढ़ा,paṛhā
1829,64,पढ़ते,paṛhte
1830,64,घोड़ा,ghoṛā
1831,64,गुफा,guphā
1832,64,खुल,khul
1833,64,खुराक,khurāk
1834,64,उपायों,upāyõ
1835,64,उपयोगिता,upyogitā
1836,64,इलाज,ilāj
1837,64,आवाज़,āvāz
1838,64,आलू,ālū
1839,63,हटा,haṭā
1840,63,स्वस्तिक,svastik
1841,63,समीक्षा,samīkṣā
1842,63,संक्रमण,saṅkramaṇ
1843,63,सैकड़ों,saikṛõ
1844,63,शोर,śor
1845,63,शब्दावली,śabdāvlī
1846,63,यौगिक,yaugik
1847,63,मना,manā
1848,63,मंडल,maṇḍal
1849,63,बचने,bacne
1850,63,प्रेमनाथ,premnāth
1851,63,परम,param
1852,63,निधि,nidhi
1853,63,नेताजी,netājī
1854,63,चुनौती,cunautī
1855,63,गौतम,gautam
1856,63,खिड़की,khiṛkī
1857,63,किस्में,kismẽ
1858,63,करते,karte
1859,63,कटाई,kaṭāī
1860,63,असाधारण,asādhāraṇ
1861,62,स्मरण,smaraṇ
1862,62,समग्र,samagra
1863,62,सुनी,sunī
1864,62,रेडियो,reḍiyo
1865,62,मामूली,māmūlī
1866,62,बीमार,bīmār
1867,62,फायदा,phāydā
1868,62,पुराणों,purāṇõ
1869,62,प्रस्तावों,prastāvõ
1870,62,प्रधानता,pradhāntā
1871,62,पन्द्रह,pandrah
1872,62,नाव,nāv
1873,62,तुल्फ,tulph
1874,62,तत्काल,tatkāl
1875,62,जोड़ा,joṛā
1876,62,चाल,cāl
1877,62,चूहे,cūhe
1878,62,चलना,calnā
1879,62,गाया,gāyā
1880,62,गला,galā
1881,62,खैर,khair
1882,62,कोर्ट,korṭ
1883,62,कराना,karānā
1884,62,कंपनी,kampnī
1885,62,इसने,isne
1886,62,इनको,inko
1887,62,अर्थव्यवस्था,arthavyavasthā
1888,62,अंचल,añcal
1889,61,हल्का,halkā
1890,61,सुनिश्चित,suniścit
1891,61,वरना,varnā
1892,61,बुनियादी,buniyādī
1893,61,दैनिक,dainik
1894,61,जुड़े,juṛe
1895,61,घुस,ghus
1896,61,खुली,khulī
1897,61,कुमार,kumār
1898,61,कुमाऊँ,kumāū̃
1899,61,आंगन,āṅgan