rank,frequency,word,pos
2,-1,하다,동사
3,-1,있다,보조사
4,-1,있다,형용사
5,-1,되다,동사
7,-1,하다,보조사
8,-1,나,대명사
9,-1,그,관사
10,-1,없다,형용사
11,-1,않다,보조사
12,-1,사람,명사
13,-1,우리,대명사
14,-1,이,관사
15,-1,그,대명사
16,-1,아니다,형용사
17,-1,보다,동사
19,-1,때,명사
21,-1,보다,보조사
22,-1,같다,형용사
23,-1,주다,보조사
24,-1,대하다,동사
25,-1,가다,동사
27,-1,한,관사
28,-1,말,명사
29,-1,일,명사
30,-1,이,대명사
32,-1,말하다,동사
33,-1,위하다,동사
34,-1,그러나,부사
35,-1,오다,동사
36,-1,알다,동사
38,-1,그렇다,형용사
39,-1,크다,형용사
40,-1,또,부사
42,-1,사회,명사
43,-1,많다,형용사
44,-1,안,부사
45,-1,좋다,형용사
46,-1,더,부사
47,-1,받다,동사
48,-1,그것,대명사
49,-1,집,명사
50,-1,나오다,동사
51,-1,따르다,동사
52,-1,그리고,부사
53,-1,문제,명사
54,-1,그런,관사
55,-1,살다,동사
56,-1,저,대명사
57,-1,못하다,보조사
58,-1,생각하다,동사
59,-1,모르다,동사
60,-1,속,명사
61,-1,만들다,동사
63,-1,두,관사
64,-1,앞,명사
65,-1,경우,명사
67,-1,어떤,관사
68,-1,잘,부사
69,-1,그녀,대명사
70,-1,먹다,동사
71,-1,오다,보조사
72,-1,자신,명사
73,-1,문화,명사
75,-1,생각,명사
76,-1,어떻다,형용사
78,-1,통하다,동사
79,-1,그러다,동사
80,-1,소리,명사
81,-1,다시,부사
82,-1,다른,관사
83,-1,이런,관사
84,-1,여자,명사
86,-1,정도,명사
87,-1,뒤,명사
88,-1,듣다,동사
89,-1,다,부사
90,-1,좀,부사
91,-1,들다,동사
92,-1,싶다,보조사
93,-1,보이다,동사
94,-1,가지다,동사
95,-1,함께,부사
96,-1,아이,명사
97,-1,지나다,동사
98,-1,많이,부사
99,-1,시간,명사
100,-1,너,대명사
101,-1,주다,동사
102,-1,인간,명사
103,-1,사실,명사
104,-1,나다,동사
105,-1,이렇다,형용사
106,-1,어머니,명사
107,-1,눈,명사
108,-1,뭐,대명사
109,-1,점,명사
110,-1,의하다,동사
111,-1,시대,명사
112,-1,다음,명사
113,-1,이러하다,형용사
114,-1,누구,대명사
115,-1,전,명사
116,-1,곳,명사
117,-1,여러,관사
118,-1,안,명사
119,-1,하나,수사
120,-1,세계,명사
121,-1,버리다,보조사
122,-1,위,명사
123,-1,운동,명사
125,-1,학교,명사
126,-1,자기,대명사
127,-1,가장,부사
128,-1,대통령,명사
130,-1,들다,동사
131,-1,시작하다,동사
132,-1,바로,부사
133,-1,어느,관사
134,-1,그래서,부사
135,-1,무엇,대명사
136,-1,정부,명사
137,-1,모든,관사
139,-1,그거,대명사
140,-1,돈,명사
141,-1,국가,명사
142,-1,그런데,부사
143,-1,날,명사
144,-1,여기,대명사
145,-1,모두,부사
146,-1,여성,명사
147,-1,친구,명사
148,-1,마음,명사
149,-1,후,명사
150,-1,가다,보조사
151,-1,놓다,보조사
152,-1,관계,명사
153,-1,아버지,명사
154,-1,남자,명사
155,-1,어디,대명사
156,-1,몸,명사
157,-1,얼굴,명사
158,-1,들어가다,동사
159,-1,왜,부사
160,-1,나타나다,동사
161,-1,말다,보조사
162,-1,지역,명사
163,-1,다르다,형용사
164,-1,모습,명사
165,-1,물,명사
166,-1,만나다,동사
167,-1,내다,동사
168,-1,보이다,동사
169,-1,쓰다,동사
170,-1,이것,대명사
171,-1,없이,부사
172,-1,이번,명사
173,-1,길,명사
174,-1,생활,명사
175,-1,쓰다,동사
176,-1,지금,명사
178,-1,사이,명사
179,-1,방법,명사
180,-1,새롭다,형용사
181,-1,우리나라,명사
182,-1,내다,보조사
183,-1,앉다,동사
184,-1,처음,명사
185,-1,손,명사
186,-1,몇,관사
187,-1,그때,명사
188,-1,과정,명사
189,-1,삶,명사
190,-1,갖다,동사
191,-1,찾다,동사
192,-1,특히,부사
194,-1,이상,명사
195,-1,지금,부사
196,-1,나가다,동사
197,-1,이야기,명사
198,-1,교육,명사
199,-1,사다,동사
200,-1,경제,명사
201,-1,아직,부사
202,-1,잡다,동사
203,-1,같이,부사
204,-1,선생님,명사
205,-1,예술,명사
206,-1,서다,동사
207,-1,못,부사
208,-1,역사,명사
209,-1,읽다,동사
210,-1,이제,부사
211,-1,결과,명사
212,-1,내용,명사
213,-1,물론,부사
214,-1,동안,명사
215,-1,책,명사
216,-1,일어나다,동사
217,-1,당신,대명사
218,-1,시장,명사
219,-1,넣다,동사
220,-1,중요하다,형용사
221,-1,무슨,관사
222,-1,느끼다,동사
223,-1,어렵다,형용사
224,-1,힘,명사
225,-1,너무,부사
226,-1,나라,명사
227,-1,부르다,동사
228,-1,의미,명사
229,-1,자리,명사
230,-1,밝히다,동사
231,-1,죽다,동사
232,-1,이미,부사
234,-1,정치,명사
235,-1,국민,명사
236,-1,생명,명사
237,-1,얘기,명사
238,-1,학생,명사
239,-1,연구,명사
240,-1,엄마,명사
241,-1,이름,명사
242,-1,하나,명사
243,-1,내리다,동사
244,-1,사건,명사
245,-1,및,부사
246,-1,쉽다,형용사
247,-1,짓다,동사
248,-1,또한,부사
249,-1,이유,명사
250,-1,또는,부사
251,-1,필요하다,형용사
252,-1,글,명사
253,-1,생기다,동사
254,-1,사용하다,동사
255,-1,남편,명사
256,-1,들어오다,동사
257,-1,밖,명사
258,-1,세상,명사
259,-1,작다,형용사
260,-1,타다,동사
261,-1,대학,명사
262,-1,작품,명사
263,-1,상황,명사
264,-1,가운데,명사
265,-1,보내다,동사
266,-1,두다,동사
267,-1,즉,부사
268,-1,따라서,부사
269,-1,상태,명사
270,-1,이후,명사
271,-1,당시,명사
272,-1,문학,명사
273,-1,더욱,부사
274,-1,아주,부사
275,-1,지방,명사
276,-1,밤,명사
277,-1,높다,형용사
278,-1,최근,명사
280,-1,현실,명사
281,-1,환경,명사
282,-1,컴퓨터,명사
283,-1,먼저,부사
284,-1,다니다,동사
285,-1,얼마나,부사
286,-1,자체,명사
287,-1,열다,동사
288,-1,머리,명사
289,-1,묻다,동사
290,-1,남다,동사
291,-1,부분,명사
292,-1,기업,명사
293,-1,거기,대명사
294,-1,변화,명사
295,-1,아들,명사
296,-1,뜻,명사
297,-1,아,감탄사
298,-1,기다리다,동사
299,-1,떨어지다,동사
300,-1,선거,명사
301,-1,관하다,동사
303,-1,그냥,부사
304,-1,나누다,동사
305,-1,이용하다,동사
306,-1,거의,부사
307,-1,곧,부사
308,-1,중심,명사
309,-1,활동,명사
310,-1,오늘,명사
311,-1,서로,부사
312,-1,관심,명사
313,-1,역시,부사
314,-1,이거,대명사
315,-1,애,명사
316,-1,광고,명사
317,-1,나다,보조사
318,-1,방,명사
319,-1,정신,명사
320,-1,이르다,동사
321,-1,땅,명사
322,-1,이루다,동사
323,-1,아침,명사
324,-1,웃다,동사
325,-1,현상,명사
326,-1,두다,보조사
327,-1,떠나다,동사
328,-1,기술,명사
329,-1,전체,명사
330,-1,그래,감탄사
331,-1,얻다,동사
332,-1,아름답다,형용사
333,-1,끝,명사
334,-1,민족,명사
336,-1,조사,명사
338,-1,입,명사
339,-1,뭐,감탄사
340,-1,그대로,부사
341,-1,영화,명사
342,-1,필요,명사
344,-1,하늘,명사
346,-1,과학,명사
347,-1,듯하다,보조사
348,-1,자연,명사
349,-1,정말,부사
350,-1,구조,명사
352,-1,결국,명사
353,-1,밥,명사
354,-1,입다,동사
355,-1,오히려,부사
356,-1,프로그램,명사
357,-1,네,감탄사
359,-1,이루어지다,동사
360,-1,남,명사
361,-1,하루,명사
362,-1,그림,명사
365,-1,마시다,동사
366,-1,치다,동사
367,-1,혼자,명사
368,-1,나가다,보조사
370,-1,이제,명사
371,-1,교수,명사
372,-1,술,명사
373,-1,사랑,명사
374,-1,의식,명사
375,-1,전화,명사
376,-1,끝나다,동사
377,-1,돌아오다,동사
378,-1,맞다,동사
379,-1,아빠,명사
380,-1,걸리다,동사
381,-1,지키다,동사
382,-1,한번,명사
383,-1,커피,명사
384,-1,가슴,명사
386,-1,길다,형용사
387,-1,바라보다,동사
388,-1,알아보다,동사
389,-1,회사,명사
390,-1,맛,명사
391,-1,대부분,명사
392,-1,산업,명사
393,-1,매우,부사
394,-1,오르다,동사
395,-1,음식,명사
396,-1,표정,명사
397,-1,꼭,부사
398,-1,일부,명사
399,-1,요즘,명사
400,-1,계획,명사
401,-1,느낌,명사
402,-1,얼마,명사
403,-1,고개,명사
404,-1,성격,명사
405,-1,계속,부사
406,-1,세기,명사
407,-1,세우다,동사
408,-1,아내,명사
409,-1,가족,명사
411,-1,현재,부사
413,-1,세,관사
415,-1,놓다,동사
416,-1,발전,명사
417,-1,차,명사
418,-1,놀다,동사
419,-1,향하다,동사
420,-1,관련,명사
421,-1,형태,명사
422,-1,각,관사
423,-1,도시,명사
424,-1,작업,명사
425,-1,분위기,명사
426,-1,그러하다,형용사
427,-1,자기,명사
429,-1,나이,명사
430,-1,우선,부사
431,-1,믿다,동사
432,-1,바꾸다,동사
433,-1,낳다,동사
435,-1,정보,명사
436,-1,열리다,동사
438,-1,좋아하다,동사
439,-1,그리다,동사
441,-1,배우다,동사
442,-1,시,명사
443,-1,역할,명사
444,-1,옆,명사
445,-1,행동,명사
446,-1,어,감탄사
447,-1,국내,명사
448,-1,비하다,동사
449,-1,기관,명사
450,-1,입장,명사
451,-1,만하다,보조사
452,-1,예,명사
453,-1,아래,명사
454,-1,방식,명사
455,-1,영향,명사
457,-1,그럼,부사
458,-1,나서다,동사
459,-1,흐르다,동사
460,-1,저,관사
461,-1,깊다,형용사
462,-1,배,명사
464,-1,모양,명사
465,-1,산,명사
466,-1,새,관사
467,-1,하지만,부사
468,-1,조건,명사
469,-1,문,명사
470,-1,꽃,명사
471,-1,단계,명사
472,-1,올리다,동사
473,-1,그동안,명사
474,-1,교사,명사
475,-1,갑자기,부사
476,-1,넘다,동사
477,-1,지니다,동사
478,-1,바람,명사
479,-1,잘하다,동사
480,-1,마을,명사
481,-1,어리다,형용사
482,-1,대표,명사
483,-1,가능성,명사
484,-1,방향,명사
485,-1,대회,명사
486,-1,목소리,명사
487,-1,노래,명사
488,-1,바다,명사
489,-1,힘들다,형용사
490,-1,공부,명사
491,-1,움직이다,동사
492,-1,의원,명사
494,-1,노력,명사
495,-1,못하다,동사
496,-1,전혀,부사
497,-1,언니,명사
498,-1,단체,명사
500,-1,알려지다,동사
501,-1,가능하다,형용사
502,-1,능력,명사
503,-1,주장하다,동사
504,-1,자식,명사
505,-1,돌리다,동사
506,-1,불,명사
507,-1,주민,명사
508,-1,모으다,동사
509,-1,자료,명사
510,-1,존재,명사
512,-1,학년,명사
513,-1,신문,명사
514,-1,가지다,보조사
515,-1,이해하다,동사
516,-1,제품,명사
517,-1,분야,명사
518,-1,선생,명사
519,-1,돌아가다,동사
520,-1,사업,명사
521,-1,행위,명사
522,-1,수준,명사
523,-1,지난해,명사
524,-1,표현,명사
525,-1,기분,명사
528,-1,젊다,형용사
529,-1,동시,명사
530,-1,옷,명사
531,-1,기능,명사
532,-1,순간,명사
533,-1,전쟁,명사
534,-1,전,관사
535,-1,꿈,명사
536,-1,할머니,명사
537,-1,회의,명사
538,-1,방송,명사
539,-1,이야기하다,동사
540,-1,나무,명사
541,-1,자다,동사
543,-1,연극,명사
544,-1,오늘,부사
545,-1,마찬가지,명사
546,-1,걷다,동사
547,-1,노동,명사
548,-1,이때,명사
549,-1,과거,명사
550,-1,가치,명사
552,-1,집단,명사
553,-1,현대,명사
555,-1,살펴보다,동사
556,-1,장관,명사
557,-1,차이,명사
558,-1,풀다,동사
559,-1,시절,명사
560,-1,물건,명사
561,-1,직접,부사
562,-1,개인,명사
563,-1,근데,부사
564,-1,발,명사
565,-1,작가,명사
566,-1,효과,명사
567,-1,불교,명사
568,-1,끌다,동사
572,-1,빨리,부사
573,-1,시작되다,동사
575,-1,둘,수사
576,-1,말다,동사
577,-1,설명하다,동사
578,-1,우주,명사
579,-1,시기,명사
580,-1,마치,부사
582,-1,생산,명사
583,-1,바라다,동사
584,-1,강하다,형용사
585,-1,경험,명사
586,-1,음악,명사
587,-1,최고,명사
588,-1,나타내다,동사
589,-1,아프다,형용사
590,-1,적다,형용사
592,-1,비,명사
593,-1,고향,명사
594,-1,놀라다,동사
595,-1,다양하다,형용사
596,-1,울다,동사
597,-1,농민,명사
598,-1,드러나다,동사
599,-1,은행,명사
600,-1,지내다,동사
601,-1,결혼,명사
602,-1,동생,명사
603,-1,법,명사
604,-1,소설,명사
605,-1,예,감탄사
606,-1,오후,명사
607,-1,질서,명사
609,-1,담다,동사
610,-1,모이다,동사
611,-1,시민,명사
612,-1,회장,명사
613,-1,빠르다,형용사
614,-1,스스로,부사
615,-1,아기,명사
616,-1,아저씨,명사
617,-1,옛날,명사
618,-1,이날,명사
619,-1,제대로,부사
621,-1,던지다,동사
622,-1,참,부사
623,-1,공간,명사
624,-1,이곳,대명사
625,-1,딸,명사
626,-1,마지막,명사
627,-1,벌이다,동사
628,-1,병원,명사
630,-1,자세,명사
631,-1,강조하다,동사
632,-1,경찰,명사
633,-1,맡다,동사
634,-1,저녁,명사
635,-1,한편,부사
636,-1,그러면,부사
637,-1,기자,명사
638,-1,넓다,형용사
639,-1,시험,명사
640,-1,잠,명사
641,-1,주로,부사
642,-1,훨씬,부사
643,-1,면,명사
645,-1,통일,명사
646,-1,들어서다,동사
647,-1,건강,명사
648,-1,가깝다,형용사
649,-1,건물,명사
650,-1,시설,명사
651,-1,외국,명사
652,-1,밑,명사
653,-1,어른,명사
654,-1,주변,명사
655,-1,대신,명사
656,-1,원인,명사
657,-1,팔다,동사
658,-1,차례,명사
659,-1,군,명사
660,-1,열심히,부사
661,-1,일하다,동사
662,-1,재산,명사
663,-1,조금,명사
664,-1,팀,명사
665,-1,부모,명사
666,-1,약간,부사
667,-1,언어,명사
668,-1,요구하다,동사
669,-1,올라가다,동사
670,-1,첫,관사
671,-1,감독,명사
672,-1,그날,명사
673,-1,사실,부사
674,-1,자주,부사
675,-1,당하다,동사
676,-1,삼다,동사
677,-1,약,관사
678,-1,기간,명사
679,-1,담배,명사
680,-1,일으키다,동사
681,-1,일단,부사
682,-1,할아버지,명사
683,-1,조직,명사
684,-1,태어나다,동사
685,-1,공장,명사
686,-1,벌써,부사
687,-1,즐기다,동사
689,-1,환자,명사
690,-1,변하다,동사
691,-1,사고,명사
692,-1,그래도,부정사
693,-1,아무리,부사
694,-1,맞추다,동사
695,-1,쌀,명사
696,-1,일반,명사
697,-1,재미있다,형용사
698,-1,가르치다,동사
699,-1,대화,명사
700,-1,막다,동사
701,-1,올해,명사
702,-1,형,명사
703,-1,달리,부사
704,-1,버리다,동사
705,-1,붙이다,동사
706,-1,인물,명사
707,-1,늘,부사
708,-1,모두,명사
709,-1,전국,명사
711,-1,마치다,동사
712,-1,전,관사
713,-1,다만,부사
714,-1,도움,명사
715,-1,가정,명사
716,-1,걸다,동사
717,-1,빠지다,동사
718,-1,멀다,형용사
719,-1,버스,명사
721,-1,오늘날,명사
722,-1,잠시,부사
723,-1,농업,명사
724,-1,대다,동사
726,-1,의견,명사
727,-1,무대,명사
728,-1,사진,명사
729,-1,주장,명사
730,-1,표현하다,동사
731,-1,인하다,동사
732,-1,이상하다,형용사
733,-1,제일,명사
734,-1,붙다,동사
735,-1,아마,부사
736,-1,얘기하다,동사
737,-1,잇다,동사
738,-1,조금,부사
739,-1,경기,명사
740,-1,목적,명사
741,-1,태도,명사
742,-1,남성,명사
743,-1,주위,명사
744,-1,대책,명사
745,-1,그만,부사
746,-1,발생하다,동사
747,-1,다리,명사
748,-1,아무,관사
749,-1,어쩌다,동사
750,-1,재료,명사
751,-1,각각,부사
752,-1,결코,부사
753,-1,옮기다,동사
754,-1,항상,부사
755,-1,해,명사
756,-1,잃다,동사
757,-1,자유,명사
758,-1,책임,명사
759,-1,바뀌다,동사
760,-1,비슷하다,형용사
761,-1,심하다,형용사
762,-1,경쟁,명사
764,-1,사랑하다,동사
765,-1,아니,감탄사
766,-1,여름,명사
767,-1,자라다,동사
769,-1,구체적,명사
770,-1,기회,명사
771,-1,실시하다,동사
773,-1,지구,명사
775,-1,소비자,명사
776,-1,싫다,형용사
778,-1,규모,명사
779,-1,기준,명사
781,-1,반드시,부사
784,-1,갖추다,동사
785,-1,그러니까,부사
787,-1,받아들이다,동사
788,-1,값,명사
789,-1,현장,명사
790,-1,건설,명사
791,-1,꺼내다,동사
792,-1,노동자,명사
793,-1,동네,명사
794,-1,언제나,부사
795,-1,완전히,부사
796,-1,자동차,명사
797,-1,전하다,동사
798,-1,존재하다,동사
800,-1,맞다,동사
801,-1,별로,부사
802,-1,어린이,명사
803,-1,정하다,동사
804,-1,한마디,명사
805,-1,유지하다,동사
806,-1,이데올로기,명사
807,-1,공부하다,동사
808,-1,대중,명사
809,-1,늘어나다,동사
810,-1,닦다,동사
812,-1,말씀,명사
813,-1,괜찮다,형용사
814,-1,눈물,명사
815,-1,각종,명사
816,-1,빛,명사
817,-1,아니,부사
818,-1,피하다,동사
819,-1,거치다,동사
820,-1,나아가다,동사
821,-1,야,감탄사
822,-1,지식,명사
823,-1,현재,명사
824,-1,여전히,부사
825,-1,주인,명사
826,-1,발견하다,동사
827,-1,선,명사
828,-1,인류,명사
829,-1,특징,명사
830,-1,드리다,보조사
831,-1,선수,명사
832,-1,형식,명사
833,-1,마련하다,동사
834,-1,반,명사
835,-1,발표하다,동사
836,-1,주제,명사
837,-1,걸치다,동사
838,-1,겪다,동사
839,-1,관점,명사
840,-1,귀,명사
842,-1,기본,명사
844,-1,사라지다,동사
845,-1,어떠하다,형용사
846,-1,감정,명사
847,-1,기억,명사
849,-1,인기,명사
850,-1,배,명사
851,-1,아파트,명사
852,-1,가끔,부사
853,-1,구성,명사
855,-1,실제로,부사
856,-1,짧다,형용사
857,-1,고맙다,형용사
858,-1,관리,명사
860,-1,그곳,대명사
861,-1,달다,보조사
862,-1,보다,부사
863,-1,비롯하다,동사
865,-1,과연,부사
866,-1,들리다,동사
867,-1,달리다,동사
868,-1,바쁘다,형용사
869,-1,이전,명사
870,-1,인정하다,동사
872,-1,중앙,명사
873,-1,나쁘다,형용사
874,-1,불구하다,동사
876,-1,시키다,동사
877,-1,게임,명사
878,-1,국제,명사
879,-1,그룹,명사
880,-1,인생,명사
881,-1,전통,명사
882,-1,기르다,동사
884,-1,잔,명사
885,-1,조사하다,동사
886,-1,커다랗다,형용사
888,-1,있다,동사
890,-1,시인,명사
891,-1,언제,부사
893,-1,평가,명사
894,-1,내려오다,동사
895,-1,위치,명사
896,-1,줄이다,동사
898,-1,가격,명사
899,-1,달라지다,동사
900,-1,비다,동사
901,-1,삼국,명사
902,-1,손님,명사
903,-1,원하다,동사
904,-1,통신,명사
905,-1,확인하다,동사
906,-1,모임,명사
907,-1,수,명사
908,-1,아무,대명사
909,-1,웃음,명사
910,-1,기계,명사
912,-1,물질,명사
913,-1,아나운서,명사
914,-1,뉴스,명사
915,-1,살아가다,동사
916,-1,펴다,동사
918,-1,배,명사
919,-1,수업,명사
920,-1,겨울,명사
921,-1,종교,명사
922,-1,층,명사
924,-1,자연스럽다,형용사
927,-1,돌다,동사
928,-1,식사,명사
929,-1,안다,동사
930,-1,이해,명사
931,-1,잊다,동사
932,-1,제시하다,동사
933,-1,반,명사
934,-1,불과하다,형용사
936,-1,혹은,부사
937,-1,엄청나다,형용사
940,-1,텔레비전,명사
941,-1,파악하다,동사
943,-1,실천,명사
944,-1,노력하다,동사
945,-1,보호,명사
947,-1,씻다,동사
948,-1,한편,명사
949,-1,늦다,형용사
951,-1,이웃,명사
952,-1,편지,명사
953,-1,공동,명사
954,-1,까닭,명사
955,-1,방안,명사
957,-1,팔,명사
958,-1,분명하다,형용사
959,-1,분석,명사
960,-1,소녀,명사
961,-1,지나가다,동사
963,-1,상품,명사
965,-1,설명,명사
966,-1,훌륭하다,형용사
967,-1,관계자,명사
968,-1,새로,부사
970,-1,이어지다,동사
971,-1,티브이,명사
972,-1,봄,명사
973,-1,종류,명사
974,-1,낮다,형용사
975,-1,어깨,명사
976,-1,지적하다,동사
977,-1,부부,명사
978,-1,오래,부사
979,-1,요구,명사
980,-1,키우다,동사
981,-1,눕다,동사
982,-1,발달하다,동사
983,-1,발전하다,동사
984,-1,여행,명사
985,-1,죽음,명사
986,-1,고통,명사
987,-1,등장하다,동사
988,-1,공,명사
990,-1,어울리다,동사
991,-1,오월,명사
992,-1,쉬다,동사
993,-1,알리다,동사
994,-1,차다,동사
996,-1,과,명사
997,-1,멀리,부사
998,-1,빼다,동사
999,-1,예정,명사
1000,-1,오빠,명사
1002,-1,즐겁다,형용사
1003,-1,한계,명사
1004,-1,흔히,부사
1005,-1,바탕,명사
1006,-1,사월,명사
1007,-1,싸우다,동사
1008,-1,언제,대명사
1009,-1,예쁘다,형용사
1010,-1,갈등,명사
1011,-1,느껴지다,동사
1014,-1,의지,명사
1015,-1,전문,명사
1016,-1,정확하다,형용사
1017,-1,초기,명사
1018,-1,나중,명사
1019,-1,등,명사
1020,-1,맛있다,형용사
1021,-1,며칠,명사
1022,-1,신경,명사
1023,-1,찾아오다,동사
1025,-1,미,명사
1026,-1,사용,명사
1027,-1,시선,명사
1028,-1,아무런,관사
1029,-1,언론,명사
1030,-1,투자,명사
1032,-1,지원,명사
1033,-1,결정하다,동사
1034,-1,경영,명사
1036,-1,목표,명사
1037,-1,성장,명사
1038,-1,숲,명사
1039,-1,없어지다,동사
1040,-1,작년,명사
1041,-1,내려가다,동사
1042,-1,떠오르다,동사
1044,-1,미치다,동사
1045,-1,새벽,명사
1046,-1,쓰레기,명사
1047,-1,얼른,부사
1048,-1,임금,명사
1049,-1,피해,명사
1050,-1,한,명사
1051,-1,무섭다,형용사
1052,-1,직장,명사
1053,-1,참다,동사
1054,-1,크기,명사
1055,-1,고기,명사
1056,-1,남기다,동사
1057,-1,서양,명사
1058,-1,주요,명사
1059,-1,지나치다,형용사
1060,-1,가져오다,동사
1061,-1,냄새,명사
1062,-1,부드럽다,형용사
1063,-1,여기다,동사
1067,-1,공연,명사
1068,-1,남녀,명사
1069,-1,내놓다,동사
1070,-1,떼다,동사
1071,-1,만들어지다,동사
1072,-1,속도,명사
1073,-1,심각하다,형용사
1074,-1,준비,명사
1075,-1,계속되다,동사
1076,-1,구월,명사
1077,-1,맑다,형용사
1078,-1,소년,명사
1079,-1,소식,명사
1080,-1,유월,명사
1081,-1,작용,명사
1082,-1,허리,명사
1083,-1,골,명사
1084,-1,공업,명사
1085,-1,그중,명사
1086,-1,노인,명사
1087,-1,벌다,동사
1088,-1,살리다,동사
1089,-1,새,명사
1090,-1,영어,명사
1091,-1,출신,명사
1092,-1,결정,명사
1093,-1,경향,명사
1094,-1,기록,명사
1096,-1,대답하다,동사
1097,-1,반면,명사
1098,-1,썰다,동사
1099,-1,움직임,명사
1100,-1,이미지,명사
1101,-1,터지다,동사
1102,-1,특성,명사
1103,-1,교장,명사
1104,-1,벗다,동사
1105,-1,업무,명사
1106,-1,입시,명사
1107,-1,준비하다,동사
1108,-1,청소년,명사
1109,-1,돕다,동사
1110,-1,응,감탄사
1111,-1,이기다,동사
1112,-1,찾아보다,동사
1113,-1,취하다,동사
1114,-1,다루다,동사
1115,-1,달,명사
1116,-1,사장,명사
1117,-1,삼월,명사
1120,-1,그렇지만,부사
1122,-1,선배,명사
1123,-1,업체,명사
1124,-1,키,명사
1125,-1,구하다,동사
1126,-1,국회,명사
1127,-1,그러므로,부사
1128,-1,포함하다,동사
1129,-1,걱정,명사
1130,-1,결혼하다,동사
1134,-1,만약,명사
1135,-1,바르다,형용사
1136,-1,세월,명사
1137,-1,숨,명사
1138,-1,행사,명사
1139,-1,깨닫다,동사
1140,-1,누나,명사
1141,-1,신,명사
1142,-1,왕,명사
1143,-1,점점,부사
1144,-1,질문,명사
1145,-1,특별,명사
1146,-1,판단,명사
1147,-1,해결하다,동사
1148,-1,거리,명사
1149,-1,계속하다,동사
1150,-1,그치다,동사
1151,-1,근처,명사
1152,-1,너무나,부사
1153,-1,높이다,동사
1154,-1,부정,명사
1155,-1,사정,명사
1158,-1,도대체,부사
1159,-1,막,부사
1160,-1,부모님,명사
1161,-1,수출,명사
1163,-1,계시다,동사
1164,-1,그,감탄사
1166,-1,자르다,동사
1167,-1,데리다,동사
1169,-1,무척,부사
1170,-1,비용,명사
1171,-1,비행기,명사
1172,-1,옳다,형용사
1173,-1,원래,명사
1174,-1,처리,명사
1175,-1,최초,명사
1176,-1,꼴,명사
1177,-1,놀이,명사
1178,-1,뜨겁다,형용사
1179,-1,뿌리,명사
1180,-1,수입,명사
1183,-1,그리하여,부사
1184,-1,낮,명사
1186,-1,일찍,부사
1187,-1,직원,명사
1188,-1,찍다,동사
1189,-1,가볍다,형용사
1190,-1,내부,명사
1191,-1,다소,부사
1192,-1,상대,명사
1193,-1,오전,명사
1194,-1,피부,명사
1195,-1,가게,명사
1196,-1,가득,부사
1197,-1,그저,부사
1199,-1,벽,명사
1200,-1,장군,명사
1201,-1,무역,명사
1202,-1,부담,명사
1203,-1,약속,명사
1204,-1,인사,명사
1205,-1,줄,명사
1206,-1,쳐다보다,동사
1207,-1,충분히,부사
1209,-1,신체,명사
1210,-1,에너지,명사
1211,-1,위원,명사
1212,-1,정리하다,동사
1213,-1,집안,명사
1214,-1,배경,명사
1215,-1,죽이다,동사
1217,-1,단순하다,형용사
1218,-1,반대,명사
1219,-1,법칙,명사
1220,-1,빠지다,동사
1221,-1,소금,명사
1222,-1,오염,명사
1224,-1,자전거,명사
1225,-1,참여하다,동사
1226,-1,탓,명사
1227,-1,푸르다,형용사
1228,-1,걔,부정사
1229,-1,그래,부정사
1230,-1,목,명사
1231,-1,발표,명사
1232,-1,범죄,명사
1234,-1,흔들다,동사
1235,-1,기초,명사
1236,-1,논리,명사
1237,-1,드라마,명사
1238,-1,뽑다,동사
1239,-1,피우다,동사
1240,-1,감각,명사
1242,-1,미리,부사
1243,-1,부족하다,형용사
1244,-1,인사,명사
1245,-1,저희,대명사
1246,-1,진행되다,동사
1249,-1,교통,명사
1250,-1,기구,명사
1254,-1,오랜,관사
1255,-1,젊은이,명사
1256,-1,후보,명사
1258,-1,거리,명사
1259,-1,과제,명사
1260,-1,근거,명사
1261,-1,기록하다,동사
1262,-1,다가오다,동사
1263,-1,불다,동사
1264,-1,시각,명사
1265,-1,이끌다,동사
1266,-1,종합,명사
1267,-1,한글,명사
1268,-1,가을,명사
1269,-1,개발하다,동사
1270,-1,내일,명사
1271,-1,떨다,동사
1272,-1,매일,부사
1273,-1,손가락,명사
1274,-1,수단,명사
1277,-1,자,감탄사
1278,-1,자유롭다,형용사
1279,-1,적극적,명사
1280,-1,판매,명사
1281,-1,형성,명사
1282,-1,기울이다,동사
1283,-1,길이,명사
1284,-1,장면,명사
1285,-1,점차,부사
1288,-1,관련되다,동사
1289,-1,급,명사
1290,-1,나머지,명사
1291,-1,날씨,명사
1293,-1,더불다,동사
1294,-1,동물,명사
1295,-1,의사,명사
1296,-1,개방,명사
1297,-1,건강하다,형용사
1298,-1,미래,명사
1299,-1,앞서,부사
1300,-1,여러분,대명사
1301,-1,왜냐하면,부사
1302,-1,인구,명사
1303,-1,기대하다,동사
1304,-1,네,관사
1305,-1,도착하다,동사
1306,-1,병,명사
1307,-1,소프트웨어,명사
1308,-1,흘리다,동사
1309,-1,반응,명사
1310,-1,주인공,명사
1311,-1,당연하다,형용사
1312,-1,따뜻하다,형용사
1313,-1,따로,부사
1314,-1,비판,명사
1315,-1,빌리다,동사
1316,-1,세대,명사
1317,-1,축구,명사
1318,-1,형님,명사
1319,-1,놓이다,동사
1320,-1,당장,명사
1322,-1,밝다,형용사
1323,-1,사물,명사
1324,-1,일반적,명사
1325,-1,장소,명사
1326,-1,곱다,형용사
1327,-1,바닥,명사
1329,-1,새끼,명사
1330,-1,생각되다,동사
1331,-1,서비스,명사
1332,-1,선택하다,동사
1333,-1,심다,동사
1334,-1,적다,동사
1335,-1,코,명사
1336,-1,간단하다,형용사
1337,-1,고등학교,명사
1338,-1,공개,명사
1339,-1,교실,명사
1340,-1,스스로,명사
1341,-1,견디다,동사
1342,-1,기사,명사
1344,-1,막히다,동사
1345,-1,매체,명사
1346,-1,별,명사
1347,-1,복잡하다,형용사
1348,-1,뿌리다,동사
1349,-1,영역,명사
1350,-1,체험,명사
1351,-1,구속,명사
1353,-1,때로,부사
1354,-1,어쩌면,부사
1355,-1,극복하다,동사
1356,-1,불법,명사
1357,-1,비밀,명사
1358,-1,색,명사
1359,-1,쓰이다,동사
1360,-1,일정하다,형용사
1361,-1,다지다,동사
1362,-1,밝혀지다,동사
1363,-1,아까,부사
1364,-1,알맞다,형용사
1365,-1,이념,명사
1366,-1,희다,형용사
1367,-1,가리키다,동사
1368,-1,모시다,동사
1369,-1,발달,명사
1370,-1,수많다,형용사
1371,-1,잘못,명사
1372,-1,치르다,동사
1373,-1,평화,명사
1374,-1,공사,명사
1375,-1,돌,명사
1376,-1,똑같다,형용사
1377,-1,박사,명사
1378,-1,성,명사
1379,-1,전문가,명사
1380,-1,단지,부사
1381,-1,말씀하다,동사
1382,-1,무용,명사
1383,-1,불리다,동사
1384,-1,싸움,명사
1385,-1,자꾸,부사
1386,-1,차리다,동사
1387,-1,해외,명사
1388,-1,그리,부사
1389,-1,뜨다,동사
1390,-1,문화재,명사
1391,-1,미소,명사
1392,-1,보통,명사
1393,-1,식당,명사
1394,-1,의미하다,동사
1396,-1,체육,명사
1397,-1,구성되다,동사
1398,-1,독특하다,형용사
1399,-1,땀,명사
1400,-1,사례,명사
1401,-1,소개하다,동사
1402,-1,잘되다,동사
1403,-1,추진하다,동사
1404,-1,칠월,명사
1405,-1,틀,명사
1406,-1,평균,명사
1408,-1,훈련,명사
1409,-1,흐름,명사
1410,-1,십이월,명사
1411,-1,쌓이다,동사
1412,-1,이익,명사
1413,-1,쥐다,동사
1414,-1,컵,명사
1415,-1,게다가,부사
1416,-1,끓이다,동사
1417,-1,논문,명사
1418,-1,멈추다,동사
1419,-1,사용되다,동사
1420,-1,오랫동안,명사
1421,-1,위기,명사
1422,-1,정당,명사
1423,-1,종이,명사
1424,-1,찾아가다,동사
1425,-1,폭력,명사
1426,-1,혹시,부사
1427,-1,늘다,동사
1428,-1,양,명사
1430,-1,절차,명사
1431,-1,진짜,부사
1432,-1,계시다,보조사
1433,-1,공기,명사
1434,-1,닿다,동사
1435,-1,물론,명사
1436,-1,속하다,동사
1437,-1,올림픽,명사
1438,-1,이외,명사
1439,-1,재미,명사
1440,-1,제공하다,동사
1441,-1,증가하다,동사
1442,-1,기대,명사
1443,-1,떡,명사
1444,-1,식물,명사
1445,-1,옛,관사
1446,-1,외치다,동사
1447,-1,적어도,부사
1449,-1,편하다,형용사
1451,-1,권리,명사
1452,-1,끝내다,동사
1453,-1,대답,명사
1454,-1,시작,명사
1455,-1,어려움,명사
1456,-1,일주일,명사
1457,-1,자원,명사
1458,-1,춤,명사
1459,-1,넘기다,동사
1460,-1,드리다,동사
1461,-1,물체,명사
1462,-1,분명히,부사
1463,-1,시위,명사
1464,-1,아무것,명사
1465,-1,온,관사
1466,-1,젖다,동사
1467,-1,제외하다,동사
1468,-1,최대,명사
1469,-1,평소,명사
1470,-1,견해,명사
1471,-1,깨끗하다,형용사
1472,-1,농사,명사
1473,-1,더구나,부사
1474,-1,안정,명사
1475,-1,어둠,명사
1476,-1,어둡다,형용사
1477,-1,어쨌든,부사
1478,-1,주택,명사
1480,-1,고장,명사
1481,-1,관련하다,동사
1482,-1,눈길,명사
1483,-1,물어보다,동사
1484,-1,미안하다,형용사
1485,-1,밀다,동사
1486,-1,스트레스,명사
1487,-1,음,감탄사
1488,-1,인사,명사
1489,-1,주어지다,동사
1490,-1,고려하다,동사
1491,-1,과일,명사
1492,-1,널리,부사
1493,-1,농촌,명사
1494,-1,올라오다,동사
1495,-1,챙기다,동사
1496,-1,고르다,동사
1497,-1,바르다,동사
1498,-1,벌어지다,동사
1499,-1,소재,명사
1500,-1,전망,명사
1501,-1,포기하다,동사
1502,-1,형성되다,동사
1503,-1,고치다,동사
1504,-1,그림자,명사
1505,-1,눈,명사
1506,-1,다하다,동사
1507,-1,마침내,부사
1508,-1,비교하다,동사
1509,-1,시월,명사
1510,-1,커지다,동사
1511,-1,한쪽,명사
1512,-1,검사,명사
1513,-1,결론,명사
1515,-1,들이다,동사
1516,-1,맡기다,동사
1517,-1,박물관,명사
1519,-1,소문,명사
1520,-1,싣다,동사
1521,-1,쌓다,동사
1522,-1,어서,부사
1523,-1,자녀,명사
1524,-1,제목,명사
1525,-1,짓,명사
1526,-1,판결,명사
1527,-1,팔월,명사
1528,-1,하얗다,형용사
1529,-1,희망,명사
1530,-1,가방,명사
1531,-1,군대,명사
1532,-1,그만큼,부사
1533,-1,무어,대명사
1534,-1,비로소,부사
1536,-1,상대방,명사
1537,-1,서구,명사
1538,-1,소유,명사
1539,-1,시골,명사
1540,-1,실수,명사
1541,-1,잘못되다,동사
1542,-1,치료,명사
1543,-1,폭,명사
1545,-1,내밀다,동사
1546,-1,맞다,동사
1547,-1,부문,명사
1548,-1,시리즈,명사
1549,-1,임신,명사
1550,-1,잡히다,동사
1552,-1,규정,명사
1554,-1,밭,명사
1555,-1,분석하다,동사
1556,-1,식구,명사
1557,-1,아예,부사
1558,-1,어찌,부사
1559,-1,울리다,동사
1560,-1,작용하다,동사
1561,-1,확실하다,형용사
1562,-1,개선,명사
1563,-1,그릇,명사
1564,-1,글자,명사
1565,-1,바람직하다,형용사
1566,-1,연구하다,동사
1567,-1,착하다,형용사
1569,-1,개,명사
1571,-1,라디오,명사
1574,-1,부동산,명사
1575,-1,신화,명사
1578,-1,직업,명사
1579,-1,거두다,동사
1581,-1,방학,명사
1582,-1,범위,명사
1583,-1,조상,명사
1584,-1,철학,명사
1585,-1,검다,형용사
1586,-1,곁,명사
1587,-1,근본적,명사
1588,-1,너희,대명사
1589,-1,대형,명사
1590,-1,따다,동사
1591,-1,문제점,명사
1592,-1,본격적,명사
1593,-1,불가능하다,형용사
1594,-1,인제,부사
1595,-1,충격,명사
1596,-1,퍼지다,동사
1597,-1,금방,부사
1598,-1,남쪽,명사
1599,-1,누르다,동사
1600,-1,미술,명사
1601,-1,백성,명사
1602,-1,상당히,부사
1603,-1,색깔,명사
1604,-1,요리,명사
1605,-1,유명하다,형용사
1606,-1,자네,대명사
1607,-1,기,명사
1608,-1,꽤,부사
1610,-1,서로,명사
1611,-1,외국인,명사
1612,-1,한참,명사
1613,-1,군사,명사
1614,-1,끊다,동사
1615,-1,넘어가다,동사
1616,-1,담기다,동사
1617,-1,마당,명사
1619,-1,부인,명사
1620,-1,서두르다,동사
1621,-1,지적,명사
1622,-1,짝,명사
1623,-1,참으로,부사
1624,-1,충분하다,형용사
1625,-1,기쁘다,형용사
1626,-1,뛰다,동사
1627,-1,숙제,명사
1628,-1,앞두다,동사
1629,-1,예산,명사
1630,-1,온갖,관사
1631,-1,우려,명사
1632,-1,우산,명사
1633,-1,기쁨,명사
1634,-1,깊이,부사
1635,-1,꾸미다,동사
1636,-1,늘리다,동사
1637,-1,무릎,명사
1638,-1,발견되다,동사
1639,-1,보호하다,동사
1641,-1,시스템,명사
1642,-1,이용,명사
1643,-1,지난달,명사
1644,-1,지르다,동사
1645,-1,참여,명사
1647,-1,걸음,명사
1648,-1,겨우,부사
1649,-1,마르다,동사
1650,-1,비교적,부사
1651,-1,애쓰다,동사
1652,-1,올바르다,형용사
1653,-1,책상,명사
1654,-1,춥다,형용사
1655,-1,흔하다,형용사
1657,-1,높아지다,동사
1658,-1,늙다,동사
1659,-1,단위,명사
1660,-1,둘째,수사
1661,-1,뛰어나다,형용사
1662,-1,무겁다,형용사
1664,-1,상상,명사
1665,-1,소득,명사
1666,-1,수도,명사
1667,-1,역,명사
1668,-1,인식하다,동사
1669,-1,자,명사
1670,-1,침대,명사
1673,-1,뜨다,동사
1674,-1,맺다,동사
1675,-1,수요,명사
1676,-1,스타,명사
1677,-1,시계,명사
1679,-1,입술,명사
1680,-1,잎,명사
1681,-1,중간,명사
1682,-1,지도자,명사
1683,-1,천천히,부사
1684,-1,구성하다,동사
1685,-1,대체로,부사
1686,-1,때리다,동사
1687,-1,몹시,부사
1688,-1,문득,부사
1689,-1,스포츠,명사
1690,-1,위원장,명사
1692,-1,저기,대명사
1693,-1,특별하다,형용사
1694,-1,효과적,명사
1695,-1,가까이,부사
1696,-1,낫다,형용사
1697,-1,넘어서다,동사
1698,-1,볶다,동사
1699,-1,생산하다,동사
1700,-1,언젠가,부사
1701,-1,예술가,명사
1702,-1,의도,명사
1703,-1,저지르다,동사
1704,-1,줄어들다,동사
1706,-1,가만히,부사
1708,-1,교회,명사
1709,-1,대개,부사
1711,-1,외부,명사
1712,-1,한두,관사
1713,-1,한때,명사
1714,-1,화,명사
1715,-1,흙,명사
1716,-1,가난하다,형용사
1717,-1,고객,명사
1718,-1,과학자,명사
1719,-1,관광,명사
1720,-1,살아오다,동사
1721,-1,상대적,명사
1722,-1,수술,명사
1723,-1,식품,명사
1724,-1,연기,명사
1725,-1,일월,명사
1728,-1,첫째,수사
1730,-1,회원,명사
1732,-1,도서관,명사
1733,-1,들려오다,동사
1735,-1,조금씩,부사
1736,-1,조미료,명사
1737,-1,풀리다,동사
1738,-1,강력하다,형용사
1739,-1,들여다보다,동사
1740,-1,마늘,명사
1741,-1,선물,명사
1742,-1,습관,명사
1743,-1,아주머니,명사
1744,-1,위험,명사
1745,-1,지하,명사
1746,-1,활용하다,동사
1747,-1,가꾸다,동사
1748,-1,고민,명사
1749,-1,떠올리다,동사
1750,-1,맨,관사
1751,-1,법률,명사
1752,-1,상처,명사
1754,-1,좁다,형용사
1755,-1,지하철,명사
1756,-1,집다,동사
1757,-1,현,관사
1758,-1,화면,명사
1760,-1,대표적,명사
1761,-1,만일,명사
1762,-1,사회적,명사
1763,-1,생겨나다,동사
1764,-1,이어,부사
1765,-1,주부,명사
1766,-1,진리,명사
1767,-1,태양,명사
1768,-1,틀림없다,형용사
1769,-1,프로,명사
1770,-1,피다,동사
1772,-1,공급,명사
1773,-1,도로,명사
1774,-1,동료,명사
1775,-1,잘못,부사
1776,-1,지다,동사
1777,-1,채우다,동사
1778,-1,균형,명사
1779,-1,기본적,명사
1780,-1,부족,명사
1781,-1,사무실,명사
1783,-1,이월,명사
1784,-1,일요일,명사
1785,-1,접근,명사
1786,-1,지켜보다,동사
1788,-1,개성,명사
1790,-1,달리다,동사
1791,-1,더하다,동사
1792,-1,띄다,동사
1793,-1,무너지다,동사
1794,-1,보통,부사
1795,-1,쓰다,동사
1797,-1,이러다,동사
1798,-1,일어서다,동사
1799,-1,죄,명사
1800,-1,참,감탄사
1801,-1,총장,명사
1802,-1,핵심,명사
1803,-1,후반,명사
1804,-1,단순히,부사
1805,-1,달려가다,동사
1806,-1,방문,명사
1807,-1,불만,명사
1808,-1,불편하다,형용사
1809,-1,실제,명사
1810,-1,종,명사
1811,-1,피,명사
1812,-1,강,명사
1814,-1,관객,명사
1815,-1,동작,명사
1816,-1,뜻하다,동사
1817,-1,막,부사
1819,-1,비싸다,형용사
1820,-1,숫자,명사
1821,-1,열,명사
1822,-1,왼쪽,명사
1823,-1,중세,명사
1824,-1,택시,명사
1825,-1,통합,명사
1827,-1,계산,명사
1828,-1,꼬리,명사
1829,-1,놀랍다,형용사
1831,-1,양식,명사
1832,-1,예전,명사
1833,-1,저,감탄사
1834,-1,전기,명사
1835,-1,주식,명사
1837,-1,틀리다,동사
1839,-1,끊임없이,부사
1840,-1,모델,명사
1841,-1,붓다,동사
1842,-1,상식,명사
1843,-1,상표,명사
1844,-1,시원하다,형용사
1845,-1,아니하다,보조사
1846,-1,어디,감탄사
1847,-1,의식하다,동사
1848,-1,고모,명사
1849,-1,궁금하다,형용사
1850,-1,둘러싸다,동사
1851,-1,딱,부사
1852,-1,뛰다,동사
1854,-1,민주화,명사
1855,-1,보도,명사
1856,-1,살피다,동사
1859,-1,않다,동사
1860,-1,약하다,형용사
1861,-1,잘못하다,동사
1862,-1,잡지,명사
1864,-1,거부하다,동사
1865,-1,공무원,명사
1866,-1,그만두다,동사
1867,-1,댁,명사
1868,-1,반갑다,형용사
1869,-1,부족,명사
1870,-1,실시,명사
1871,-1,운명,명사
1873,-1,재정,명사
1874,-1,차라리,부사
1875,-1,학자,명사
1876,-1,다녀오다,동사
1877,-1,달다,동사
1878,-1,대규모,명사
1879,-1,동,관사
1880,-1,민간,명사
1881,-1,법원,명사
1882,-1,비디오,명사
1883,-1,사실상,부사
1884,-1,아끼다,동사
1885,-1,이쪽,대명사
1888,-1,지대,명사
1890,-1,판단하다,동사
1891,-1,행복하다,형용사
1892,-1,굽다,동사
1893,-1,기름,명사
1894,-1,실천하다,동사
1895,-1,쏟아지다,동사
1896,-1,연습,명사
1897,-1,오른쪽,명사
1898,-1,용어,명사
1899,-1,익히다,동사
1901,-1,지도,명사
1902,-1,지위,명사
1903,-1,풍부하다,형용사
1904,-1,화장실,명사
1905,-1,기억하다,동사
1907,-1,식량,명사
1908,-1,실험,명사
1909,-1,용기,명사
1912,-1,토론,명사
1914,-1,핵,명사
1915,-1,고급,명사
1916,-1,고생,명사
1918,-1,미치다,동사
1919,-1,밟다,동사
1920,-1,상당하다,형용사
1921,-1,섞다,동사
1922,-1,수석,명사
1925,-1,없애다,동사
1928,-1,이뤄지다,동사
1930,-1,적절하다,형용사
1931,-1,정상,명사
1932,-1,제사,명사
1933,-1,주말,명사
1934,-1,지혜,명사
1935,-1,참새,명사
1936,-1,화장품,명사
1937,-1,굵다,형용사
1939,-1,깨끗이,부사
1940,-1,낡다,형용사
1941,-1,내년,명사
1942,-1,농산물,명사
1943,-1,눈앞,명사
1944,-1,대학생,명사
1945,-1,방문하다,동사
1946,-1,붉다,형용사
1947,-1,사고,명사
1948,-1,순서,명사
1949,-1,아무래도,부사
1950,-1,연구소,명사
1951,-1,올,관사
1952,-1,위대하다,형용사
1953,-1,이사,명사
1954,-1,지배하다,동사
1955,-1,틈,명사
1956,-1,가령,부사
1958,-1,거대하다,형용사
1959,-1,닫다,동사
1960,-1,드물다,형용사
1961,-1,들르다,동사
1962,-1,매달리다,동사
1963,-1,생일,명사
1964,-1,섬,명사
1965,-1,이하,명사
1966,-1,참석하다,동사
1967,-1,토대,명사
1968,-1,해결,명사
1969,-1,행복,명사
1970,-1,걸어가다,동사
1971,-1,근로자,명사
1972,-1,글쎄,감탄사
1973,-1,목숨,명사
1974,-1,백화점,명사
1975,-1,변화하다,동사
1976,-1,병,명사
1977,-1,빠져나가다,동사
1978,-1,안녕하다,형용사
1979,-1,여론,명사
1980,-1,의복,명사
1981,-1,체조,명사
1982,-1,출발하다,동사
1984,-1,현실적,명사
1985,-1,화제,명사
1986,-1,결정되다,동사
1987,-1,고양이,명사
1988,-1,공격,명사
1990,-1,물가,명사
1991,-1,민주주의,명사
1992,-1,불안,명사
1993,-1,소중하다,형용사
1994,-1,여유,명사
1995,-1,의문,명사
1996,-1,중학교,명사
1998,-1,파도,명사
1999,-1,흰색,명사
2000,-1,가수,명사
2001,-1,단,관사
2004,-1,방송국,명사
2005,-1,빛나다,동사
2006,-1,숨다,동사
2007,-1,실리다,동사
2008,-1,압력,명사
2009,-1,예금,명사
2010,-1,예상되다,동사
2012,-1,입학,명사
2014,-1,증권,명사
2015,-1,직후,명사
2016,-1,차량,명사
2017,-1,출산,명사
2024,-1,물다,동사
2025,-1,선진국,명사
2027,-1,약,명사
2028,-1,어느새,부사
2030,-1,재판,명사
2031,-1,저쪽,대명사
2032,-1,제자,명사
2033,-1,창문,명사
2035,-1,치즈,명사
2036,-1,회복,명사
2037,-1,구역,명사
2038,-1,대응,명사
2039,-1,반대하다,동사
2040,-1,발휘하다,동사
2041,-1,소비,명사
2042,-1,심장,명사
2043,-1,아이고,감탄사
2047,-1,조용히,부사
2048,-1,중소기업,명사
2049,-1,직접적,명사
2050,-1,진실,명사
2051,-1,필자,명사
2052,-1,협력,명사
2053,-1,가스,명사
2054,-1,계층,명사
2055,-1,구멍,명사
2057,-1,담당,명사
2059,-1,만화,명사
2060,-1,먹이다,동사
2061,-1,무시하다,동사
2062,-1,보도하다,동사
2063,-1,살짝,부사
2064,-1,생각나다,동사
2065,-1,우유,명사
2066,-1,인상,명사
2067,-1,차갑다,형용사
2068,-1,철저하다,형용사
2069,-1,태아,명사
2070,-1,관찰하다,동사
2071,-1,괜히,부사
2072,-1,끼다,동사
2073,-1,날개,명사
2075,-1,눈빛,명사
2076,-1,단지,명사
2077,-1,두르다,동사
2078,-1,드디어,부사
2079,-1,물속,명사
2080,-1,민주,명사
2082,-1,성공하다,동사
2083,-1,소나무,명사
2084,-1,여기저기,명사
2085,-1,여인,명사
2086,-1,운영하다,동사
2089,-1,평가하다,동사
2090,-1,표,명사
2091,-1,필요성,명사
2092,-1,감추다,동사
2094,-1,머무르다,동사
2095,-1,모,대명사
2096,-1,부위,명사
2097,-1,비우다,동사
2098,-1,설치하다,동사
2099,-1,십일월,명사
2100,-1,싸다,동사
2101,-1,아울러,부사
2103,-1,지시,명사
2106,-1,형성하다,동사
2107,-1,형제,명사
2108,-1,화려하다,형용사
2109,-1,거울,명사
2110,-1,덧붙이다,동사
2111,-1,딴,관사
2112,-1,몇몇,관사
2113,-1,무기,명사
2114,-1,세계적,명사
2115,-1,안전,명사
2116,-1,양파,명사
2117,-1,이상,명사
2118,-1,일종,명사
2119,-1,처지,명사
2120,-1,촬영,명사
2121,-1,타다,동사
2122,-1,틀다,동사
2123,-1,형편,명사
2124,-1,가지,명사
2125,-1,감다,동사
2126,-1,고추,명사
2127,-1,규칙,명사
2128,-1,본질,명사
2129,-1,비치다,동사
2130,-1,빵,명사
2131,-1,서서히,부사
2132,-1,스승,명사
2133,-1,신분,명사
2134,-1,실시되다,동사
2135,-1,아마도,부사
2136,-1,안방,명사
2137,-1,앓다,동사
2138,-1,어제,부사
2140,-1,오직,부사
2141,-1,위험하다,형용사
2143,-1,자신,명사
2144,-1,잠시,명사
2145,-1,졸업하다,동사
2146,-1,증거,명사
2147,-1,초점,명사
2148,-1,포함되다,동사
2150,-1,호랑이,명사
2151,-1,강화하다,동사
2152,-1,공포,명사
2153,-1,권위,명사
2154,-1,덜,부사
2155,-1,둥글다,형용사
2157,-1,미루다,동사
2158,-1,본래,명사
2159,-1,부엌,명사
2160,-1,세금,명사
2162,-1,실정,명사
2163,-1,영양,명사
2164,-1,육체,명사
2165,-1,입구,명사
2166,-1,잔뜩,부사
2167,-1,적극,명사
2168,-1,최소한,명사
2169,-1,펼쳐지다,동사
2170,-1,경험하다,동사
2171,-1,그이,대명사
2172,-1,넘치다,동사
2173,-1,놓치다,동사
2174,-1,대기,명사
2175,-1,독립,명사
2176,-1,돌아보다,동사
2177,-1,또다시,부사
2178,-1,머릿속,명사
2179,-1,북쪽,명사
2180,-1,불안하다,형용사
2181,-1,쇠고기,명사
2182,-1,위반,명사
2183,-1,주,명사
2184,-1,카드,명사
2185,-1,평생,명사
2186,-1,해당하다,동사
2187,-1,간부,명사
2189,-1,관념,명사
2190,-1,굉장히,부사
2192,-1,단어,명사
2193,-1,덮다,동사
2194,-1,도와주다,동사
2195,-1,도입,명사
2196,-1,몰다,동사
2197,-1,배우,명사
2198,-1,비추다,동사
2199,-1,신발,명사
2200,-1,알,명사
2201,-1,앞서다,동사
2202,-1,여건,명사
2203,-1,오래전,명사
2204,-1,자격,명사
2205,-1,통제,명사
2206,-1,계단,명사
2207,-1,김치,명사
2208,-1,끄덕이다,동사
2209,-1,낯설다,형용사
2210,-1,높이,명사
2211,-1,닮다,동사
2212,-1,마음속,명사
2213,-1,못지않다,형용사
2214,-1,반영하다,동사
2216,-1,뼈,명사
2217,-1,성장하다,동사
2218,-1,소속,명사
2219,-1,연결되다,동사
2220,-1,장사,명사
2221,-1,제작,명사
2222,-1,제한,명사
2223,-1,차다,동사
2224,-1,추진,명사
2225,-1,취하다,동사
2226,-1,콩,명사
2227,-1,한숨,명사
2228,-1,헤어지다,동사
2229,-1,구입하다,동사
2230,-1,날다,동사
2231,-1,너머,명사
2232,-1,동기,명사
2233,-1,마련,명사
2234,-1,살,명사
2235,-1,선장,명사
2236,-1,설탕,명사
2237,-1,순수하다,형용사
2238,-1,스타일,명사
2239,-1,시점,명사
2240,-1,싸다,형용사
2241,-1,의사,명사
2243,-1,집중,명사
2244,-1,코드,명사
2245,-1,큰일,명사
2246,-1,거짓말,명사
2248,-1,대단하다,형용사
2249,-1,대단히,부사
2250,-1,마주,부사
2251,-1,세계관,명사
2252,-1,어제,명사
2253,-1,온통,부사
2254,-1,의존하다,동사
2255,-1,자세히,부사
2256,-1,점심,명사
2257,-1,정확히,부사
2258,-1,지치다,동사
2259,-1,청년,명사
2260,-1,혀,명사
2261,-1,확대하다,동사
2262,-1,후춧가루,명사
2263,-1,건설하다,동사
2264,-1,경쟁력,명사
2265,-1,마침,부사
2266,-1,신용,명사
2267,-1,연락,명사
2268,-1,온몸,명사
2269,-1,정,명사
2270,-1,정신적,명사
2271,-1,증상,명사
2272,-1,출연하다,동사
2273,-1,칼,명사
2274,-1,한꺼번에,부사
2275,-1,강제,명사
2276,-1,건너다,동사
2277,-1,깨다,동사
2278,-1,낚시,명사
2279,-1,다가가다,동사
2280,-1,뛰어들다,동사
2281,-1,문자,명사
2282,-1,묻다,동사
2283,-1,비롯되다,동사
2284,-1,슬프다,형용사
2285,-1,신부,명사
2286,-1,여겨지다,동사
2287,-1,오징어,명사
2288,-1,요금,명사
2289,-1,용돈,명사
2290,-1,위주,명사
2291,-1,음료,명사
2292,-1,의자,명사
2293,-1,전자,명사
2294,-1,전해지다,동사
2295,-1,전환,명사
2297,-1,진행,명사
2298,-1,카메라,명사
2299,-1,통증,명사
2300,-1,편리하다,형용사
2301,-1,하천,명사
2302,-1,현금,명사
2303,-1,화학,명사
2304,-1,활발하다,형용사
2305,-1,가리다,동사
2306,-1,거칠다,형용사
2307,-1,그나마,부사
2308,-1,그야말로,부사
2309,-1,껍질,명사
2310,-1,남부,명사
2311,-1,명령,명사
2312,-1,몰래,부사
2313,-1,무조건,부사
2314,-1,반장,명사
2315,-1,부근,명사
2316,-1,선택,명사
2319,-1,역사가,명사
2320,-1,연구자,명사
2321,-1,연기자,명사
2322,-1,워낙,부사
2323,-1,정리,명사
2324,-1,조그맣다,형용사
2325,-1,줄기,명사
2326,-1,찾아내다,동사
2327,-1,토요일,명사
2329,-1,경찰관,명사
2330,-1,권하다,동사
2331,-1,극장,명사
2332,-1,끝내,부사
2333,-1,대문,명사
2334,-1,더욱이,부사
2335,-1,별도,명사
2336,-1,비극,명사
2339,-1,솜씨,명사
2340,-1,시내,명사
2341,-1,신,명사
2343,-1,실내,명사
2344,-1,쏟다,동사
2345,-1,연결하다,동사
2346,-1,외교,명사
2348,-1,주머니,명사
2350,-1,계약,명사
2351,-1,과장,명사
2352,-1,극,명사
2353,-1,나란히,부사
2354,-1,다방,명사
2356,-1,부끄럽다,형용사
2357,-1,성공,명사
2358,-1,수행하다,동사
2359,-1,신청,명사
2360,-1,실로,부사
2361,-1,아픔,명사
2362,-1,알아듣다,동사
2363,-1,약간,명사
2364,-1,연기,명사
2366,-1,이동,명사
2367,-1,인연,명사
2368,-1,일행,명사
2372,-1,지도,명사
2373,-1,지식인,명사
2374,-1,진지하다,형용사
2375,-1,치다,동사
2376,-1,호흡,명사
2377,-1,흔들리다,동사
2378,-1,근본,명사
2379,-1,기온,명사
2380,-1,날아가다,동사
2381,-1,많아지다,동사
2382,-1,바위,명사
2383,-1,버릇,명사
2384,-1,비판하다,동사
2385,-1,빨갛다,형용사
2386,-1,세워지다,동사
2387,-1,술집,명사
2388,-1,쉬다,동사
2390,-1,오랜만,명사
2392,-1,일부러,부사
2393,-1,전체적,명사
2394,-1,절반,명사
2395,-1,접근하다,동사
2397,-1,편안하다,형용사
2398,-1,풍경,명사
2399,-1,확실히,부사
2400,-1,흩어지다,동사
2401,-1,갈다,동사
2402,-1,교류,명사
2403,-1,글쓰기,명사
2404,-1,기후,명사
2405,-1,내내,부사
2406,-1,대기업,명사
2407,-1,대응하다,동사
2408,-1,도구,명사
2409,-1,매력,명사
2410,-1,백,관사
2411,-1,보험,명사
2412,-1,부럽다,형용사
2413,-1,부장,명사
2414,-1,섞이다,동사
2415,-1,소,명사
2416,-1,심리,명사
2417,-1,심정,명사
2418,-1,쏘다,동사
2419,-1,아줌마,명사
2420,-1,위치하다,동사
2421,-1,이룩하다,동사
2422,-1,이틀,명사
2424,-1,전달하다,동사
2425,-1,정말로,부사
2426,-1,추다,동사
2427,-1,켜다,동사
2428,-1,코너,명사
2429,-1,행동하다,동사
2430,-1,형사,명사
2431,-1,희곡,명사
2432,-1,감동,명사
2433,-1,공항,명사
2434,-1,군인,명사
2435,-1,굳이,부사
2436,-1,그늘,명사
2437,-1,급하다,형용사
2438,-1,달걀,명사
2439,-1,대중문화,명사
2440,-1,마련되다,동사
2441,-1,마루,명사
2442,-1,무게,명사
2443,-1,물기,명사
2444,-1,성적,명사
2445,-1,솔직히,부사
2446,-1,시도하다,동사
2447,-1,아니요,감탄사
2449,-1,예절,명사
2451,-1,인상,명사
2452,-1,인터넷,명사
2454,-1,적용하다,동사
2455,-1,전통적,명사
2456,-1,참가하다,동사
2457,-1,치마,명사
2458,-1,친척,명사
2459,-1,특정하다,형용사
2460,-1,호텔,명사
2461,-1,경계,명사
2462,-1,공식,명사
2463,-1,그다지,부사
2464,-1,긴장,명사
2465,-1,깎다,동사
2466,-1,다리,명사
2468,-1,따라가다,동사
2469,-1,머물다,동사
2470,-1,명예,명사
2471,-1,뱃사람,명사
2472,-1,부처,명사
2473,-1,숙이다,동사
2474,-1,아가씨,명사
2475,-1,온도,명사
2476,-1,이마,명사
2477,-1,절대로,부사
2478,-1,지붕,명사
2479,-1,지원하다,동사
2480,-1,진짜,명사
2482,-1,짙다,형용사
2483,-1,창밖,명사
2484,-1,청소,명사
2486,-1,침묵,명사
2487,-1,텍스트,명사
2488,-1,표면,명사
2489,-1,햇살,명사
2490,-1,객관적,명사
2491,-1,걱정하다,동사
2492,-1,경제적,명사
2493,-1,구름,명사
2494,-1,구석,명사
2495,-1,끄다,동사
2496,-1,담당하다,동사
2497,-1,둥지,명사
2499,-1,벗기다,동사
2500,-1,부대,명사
2501,-1,불빛,명사
2502,-1,서클,명사
2503,-1,시청자,명사
2504,-1,실체,명사
2506,-1,엄격하다,형용사
2507,-1,완벽하다,형용사
2508,-1,완전하다,형용사
2510,-1,절,명사
2512,-1,종업원,명사
2513,-1,증가,명사
2514,-1,출연,명사
2515,-1,학기,명사
2516,-1,한동안,명사
2518,-1,후기,명사
2520,-1,계절,명사
2522,-1,만지다,동사
2523,-1,목사,명사
2524,-1,바늘,명사
2525,-1,버티다,동사
2527,-1,분포하다,동사
2528,-1,비중,명사
2530,-1,수입,명사
2531,-1,아이디어,명사
2532,-1,양쪽,명사
2533,-1,예컨대,부사
2534,-1,운동장,명사
2535,-1,전개,명사
2536,-1,접촉,명사
2538,-1,짐,명사
2539,-1,풀,명사
2540,-1,해마다,부사
2541,-1,후배,명사
2542,-1,휴가,명사
2543,-1,경기,명사
2544,-1,계곡,명사
2545,-1,국회의원,명사
2546,-1,다투다,동사
2548,-1,도저히,부사
2551,-1,뻗다,동사
2552,-1,생활하다,동사
2553,-1,솔직하다,형용사
2554,-1,안타깝다,형용사
2555,-1,앞장서다,동사
2556,-1,요청하다,동사
2557,-1,이르다,형용사
2558,-1,일치하다,동사
2559,-1,젓다,동사
2560,-1,정치권,명사
2561,-1,처녀,명사
2562,-1,축제,명사
2563,-1,터뜨리다,동사
2564,-1,학습,명사
2565,-1,개발되다,동사
2566,-1,높이,부사
2567,-1,당연히,부사
2568,-1,대비하다,동사
2569,-1,동쪽,명사
2570,-1,떨리다,동사
2571,-1,마구,부사
2572,-1,만남,명사
2573,-1,미디어,명사
2574,-1,복도,명사
2575,-1,수상,명사
2576,-1,쓰러지다,동사
2578,-1,영상,명사
2579,-1,영혼,명사
2580,-1,운전사,명사
2581,-1,자랑스럽다,형용사
2582,-1,잠깐,명사
2583,-1,적당하다,형용사
2584,-1,적용되다,동사
2586,-1,지속적,명사
2587,-1,진행하다,동사
2588,-1,차별,명사
2589,-1,곳곳,명사
2590,-1,구분,명사
2591,-1,금지,명사
2592,-1,내지,부사
2593,-1,달려오다,동사
2594,-1,둘러보다,동사
2595,-1,분노,명사
2596,-1,비교,명사
2598,-1,소위,부사
2599,-1,스치다,동사
2601,-1,역사적,명사
2602,-1,열차,명사
2603,-1,요즈음,명사
2604,-1,유난히,부사
2605,-1,의무,명사
2606,-1,잃어버리다,동사
2607,-1,잠깐,부사
2608,-1,잠들다,동사
2609,-1,정식,명사
2610,-1,조용하다,형용사
2611,-1,즉시,명사
2612,-1,최선,명사
2613,-1,탑,명사
2614,-1,한복,명사
2615,-1,활동하다,동사
2616,-1,건축,명사
2617,-1,귀엽다,형용사
2618,-1,답답하다,형용사
2619,-1,당황하다,동사
2620,-1,동일하다,형용사
2621,-1,떨어뜨리다,동사
2622,-1,똑같이,부사
2623,-1,라면,명사
2624,-1,말,명사
2625,-1,밀가루,명사
2626,-1,바깥,명사
2627,-1,바지,명사
2628,-1,벌리다,동사
2629,-1,보고서,명사
2630,-1,보관하다,동사
2631,-1,부딪치다,동사
2632,-1,빨래,명사
2633,-1,상하다,동사
2634,-1,설치,명사
2635,-1,식용유,명사
2636,-1,싫어하다,동사
2637,-1,업종,명사
2638,-1,연출,명사
2639,-1,테이블,명사
2640,-1,트이다,동사
2641,-1,피곤하다,형용사
2642,-1,한국어,명사
2643,-1,한자,명사
2644,-1,겁,명사
2646,-1,관리,명사
2647,-1,국제화,명사
2648,-1,근육,명사
2650,-1,깔리다,동사
2653,-1,사전,명사
2654,-1,산소,명사
2655,-1,석유,명사
2656,-1,소리치다,동사
2657,-1,시,명사
2658,-1,신선하다,형용사
2659,-1,안경,명사
2660,-1,약속하다,동사
2661,-1,연합,명사
2663,-1,인격,명사
2664,-1,장,명사
2665,-1,적,명사
2666,-1,조심하다,동사
2667,-1,질,명사
2668,-1,찌르다,동사
2669,-1,책임자,명사
2670,-1,총,관사
2671,-1,취미,명사
2672,-1,표,명사
2673,-1,품목,명사
2674,-1,확대되다,동사
2675,-1,거실,명사
2677,-1,논,명사
2678,-1,덥다,형용사
2679,-1,둘째,관사
2680,-1,바보,명사
2681,-1,별,관사
2682,-1,보람,명사
2683,-1,부작용,명사
2684,-1,비난,명사
2687,-1,신고,명사
2688,-1,야구,명사
2689,-1,어떡하다,부정사
2690,-1,예상,명사
2691,-1,위협,명사
2692,-1,이,명사
2694,-1,이상,명사
2696,-1,잠기다,동사
2698,-1,주고받다,동사
2699,-1,주먹,명사
2700,-1,지지,명사
2701,-1,털다,동사
2702,-1,경고,명사
2703,-1,공개하다,동사
2704,-1,과목,명사
2705,-1,구경,명사
2706,-1,그분,대명사
2707,-1,근무,명사
2708,-1,논쟁,명사
2710,-1,달아나다,동사
2711,-1,묶다,동사
2712,-1,성명,명사
2713,-1,소스,명사
2714,-1,수십,관사
2715,-1,신다,동사
2716,-1,우리말,명사
2717,-1,유교,명사
2718,-1,이불,명사
2719,-1,이성,명사
2720,-1,일상,명사
2721,-1,자동,명사
2722,-1,장래,명사
2723,-1,전개되다,동사
2724,-1,죄송하다,형용사
2725,-1,중요성,명사
2726,-1,크다,동사
2727,-1,탤런트,명사
2728,-1,특별히,부사
2729,-1,품질,명사
2730,-1,회견,명사
2731,-1,훔치다,동사
2732,-1,흔적,명사
2733,-1,고전,명사
2734,-1,과학적,명사
2735,-1,구분하다,동사
2736,-1,그럼,감탄사
2739,-1,뇌,명사
2741,-1,봉투,명사
2742,-1,분명,부사
2743,-1,사설,명사
2744,-1,승리,명사
2748,-1,좌우,명사
2749,-1,주,관사
2751,-1,지다,동사
2752,-1,추억,명사
2753,-1,하여튼,부사
2754,-1,함부로,부사
2755,-1,향기,명사
2756,-1,현지,명사
2757,-1,가늘다,형용사
2758,-1,개인적,명사
2759,-1,겉,명사
2760,-1,굽히다,동사
2761,-1,근무하다,동사
2762,-1,깜짝,부사
2763,-1,넓히다,동사
2765,-1,떠들다,동사
2767,-1,매년,부사
2768,-1,발생,명사
2771,-1,셋,수사
2772,-1,소주,명사
2773,-1,손바닥,명사
2774,-1,승용차,명사
2775,-1,어색하다,형용사
2776,-1,얹다,동사
2777,-1,의학,명사
2779,-1,장점,명사
2780,-1,적당히,부사
2781,-1,줍다,동사
2782,-1,진출,명사
2783,-1,창조,명사
2785,-1,평범하다,형용사
2786,-1,프로,명사
2787,-1,홍보,명사
2788,-1,확인,명사
2789,-1,가루,명사
2790,-1,건지다,동사
2792,-1,깨지다,동사
2793,-1,내다보다,동사
2795,-1,대량,명사
2796,-1,동행,명사
2797,-1,들,명사
2798,-1,떼,명사
2799,-1,마땅하다,형용사
2800,-1,바로잡다,동사
2801,-1,박히다,동사
2802,-1,방금,부사
2803,-1,생선,명사
2804,-1,슬픔,명사
2805,-1,아무렇다,형용사
2806,-1,이용되다,동사
2807,-1,이튿날,명사
2808,-1,임시,명사
2809,-1,제거하다,동사
2810,-1,줄다,동사
2811,-1,지구,명사
2812,-1,지우다,동사
2813,-1,참기름,명사
2814,-1,통,명사
2815,-1,특수,명사
2816,-1,팬,명사
2817,-1,합치다,동사
2818,-1,호기심,명사
2821,-1,골목,명사
2822,-1,기운,명사
2823,-1,기획,명사
2824,-1,대충,부사
2825,-1,돌아서다,동사
2826,-1,동화,명사
2827,-1,두껍다,형용사
2828,-1,맞서다,동사
2829,-1,모자라다,동사
2830,-1,박다,동사
2831,-1,본성,명사
2832,-1,상상하다,동사
2833,-1,생산력,명사
2834,-1,셋째,수사
2835,-1,안전하다,형용사
2838,-1,유학,명사
2839,-1,이르다,동사
2842,-1,장비,명사
2843,-1,정치인,명사
2844,-1,정치적,명사
2845,-1,졸업,명사
2847,-1,처벌,명사
2848,-1,카페,명사
2849,-1,콤플렉스,명사
2850,-1,검토,명사
2852,-1,그다음,명사
2853,-1,기법,명사
2854,-1,끓다,동사
2855,-1,날아오다,동사
2856,-1,농담,명사
2857,-1,닭,명사
2858,-1,담임,명사
2859,-1,도중,명사
2860,-1,두드러지다,형용사
2861,-1,맥주,명사
2862,-1,모래,명사
2864,-1,살아남다,동사
2865,-1,살인,명사
2866,-1,성질,명사
2868,-1,신호,명사
2870,-1,아버님,명사
2872,-1,의심하다,동사
2873,-1,인,명사
2874,-1,잇따르다,동사
2875,-1,자랑하다,동사
2876,-1,자판,명사
2877,-1,적용,명사
2878,-1,전기,명사
2879,-1,중반,명사
2880,-1,지시하다,동사
2881,-1,출발,명사
2882,-1,허용하다,동사
2884,-1,가르침,명사
2885,-1,각국,명사
2887,-1,교과서,명사
2888,-1,그려지다,동사
2889,-1,꾸준히,부사
2891,-1,다수,명사
2892,-1,덕분,명사
2893,-1,돼지,명사
2894,-1,두드리다,동사
2896,-1,무리,명사
2897,-1,물음,명사
2898,-1,빌다,동사
2899,-1,수영,명사
2900,-1,스님,명사
2901,-1,썩다,동사
2902,-1,어머님,명사
2903,-1,엉뚱하다,형용사
2904,-1,여보,감탄사
2905,-1,잊어버리다,동사
2906,-1,정면,명사
2907,-1,조각,명사
2910,-1,태우다,동사
2911,-1,해석,명사
2913,-1,가리다,동사
2916,-1,계산하다,동사
2918,-1,근원,명사
2919,-1,기차,명사
2920,-1,담그다,동사
2921,-1,마음대로,부사
2923,-1,며느리,명사
2924,-1,믿음,명사
2925,-1,발견,명사
2926,-1,보고,명사
2927,-1,부탁하다,동사
2928,-1,사용자,명사
2929,-1,사회주의,명사
2930,-1,설치되다,동사
2931,-1,수도권,명사
2932,-1,식탁,명사
2933,-1,실패하다,동사
2934,-1,영원하다,형용사
2935,-1,우연히,부사
2936,-1,자극,명사
2939,-1,정해지다,동사
2942,-1,직접,명사
2944,-1,짚다,동사
2946,-1,총리,명사
2947,-1,칭찬,명사
2948,-1,튼튼하다,형용사
2949,-1,햇빛,명사
2950,-1,공원,명사
2952,-1,긍정적,명사
2953,-1,논의하다,동사
2954,-1,대출,명사
2955,-1,덕,명사
2956,-1,돌보다,동사
2957,-1,뒤집다,동사
2958,-1,먼지,명사
2959,-1,바닷가,명사
2960,-1,바치다,동사
2961,-1,반하다,동사
2962,-1,발표되다,동사
2963,-1,부정하다,동사
2964,-1,불러일으키다,동사
2965,-1,사원,명사
2966,-1,소유자,명사
2968,-1,씹다,동사
2969,-1,아무튼,부사
2970,-1,안되다,동사
2971,-1,액수,명사
2972,-1,왠지,부사
2973,-1,욕심,명사
2974,-1,우승,명사
2975,-1,익다,동사
2976,-1,제출하다,동사
2977,-1,조심스럽다,형용사
2978,-1,직전,명사
2979,-1,짐작하다,동사
2981,-1,택하다,동사
2982,-1,터,명사
2984,-1,피시,명사
2985,-1,흘러나오다,동사
2986,-1,가구,명사
2987,-1,간단히,부사
2988,-1,강물,명사
2989,-1,거꾸로,부사
2990,-1,궁극적,명사
2991,-1,극히,부사
2992,-1,기여하다,동사
2993,-1,꼭,부사
2994,-1,날짜,명사
2995,-1,대륙,명사
2996,-1,되게,부사
2997,-1,뒤따르다,동사
2998,-1,리듬,명사
3000,-1,모니터,명사
3001,-1,범인,명사
3002,-1,변동,명사
3003,-1,불가피하다,형용사
3004,-1,삶다,동사
3005,-1,샌드위치,명사
3006,-1,서류,명사
3008,-1,손해,명사
3009,-1,숨지다,동사
3010,-1,아유,감탄사
3011,-1,요청,명사
3012,-1,운,명사
3014,-1,일상생활,명사
3015,-1,자존심,명사
3016,-1,주저앉다,동사
3017,-1,증권사,명사
3018,-1,진하다,형용사
3019,-1,초원,명사
3020,-1,최종,명사
3022,-1,회복하다,동사
3023,-1,흘러가다,동사
3024,-1,흥미,명사
3025,-1,검사,명사
3027,-1,그쪽,대명사
3028,-1,꾸다,동사
3029,-1,내려다보다,동사
3030,-1,눈썹,명사
3032,-1,대신하다,동사
3034,-1,두렵다,형용사
3035,-1,등장,명사
3036,-1,디자인,명사
3037,-1,마디,명사
3038,-1,미처,부사
3039,-1,비닐,명사
3040,-1,비율,명사
3042,-1,생물,명사
3043,-1,소음,명사
3044,-1,양국,명사
3045,-1,얼핏,부사
3046,-1,오래되다,동사
3047,-1,웬,관사
3049,-1,조각,명사
3051,-1,중부,명사
3052,-1,차,명사
3053,-1,채소,명사
3056,-1,침,명사
3057,-1,털,명사
3058,-1,판매하다,동사
3059,-1,항의,명사
3060,-1,해당,명사
3061,-1,확보,명사
3062,-1,환경오염,명사
3063,-1,가치관,명사
3064,-1,검은색,명사
3065,-1,고생하다,동사
3067,-1,기원전,명사
3068,-1,기타,명사
3069,-1,긴급,명사
3070,-1,꺾다,동사
3071,-1,꿈꾸다,동사
3072,-1,무려,부사
3073,-1,묻히다,동사
3075,-1,수표,명사
3076,-1,실태,명사
3077,-1,아쉽다,형용사
3078,-1,애정,명사
3079,-1,얘,부정사
3080,-1,어머,감탄사
3081,-1,여보세요,감탄사
3083,-1,일정,명사
3084,-1,장르,명사
3085,-1,저렇다,형용사
3086,-1,접하다,동사
3087,-1,정성,명사
3088,-1,제약,명사
3089,-1,쫓다,동사
3090,-1,천,관사
3091,-1,추가,명사
3093,-1,테이프,명사
3095,-1,품,명사
3097,-1,해석,명사
3098,-1,확인되다,동사
3099,-1,가하다,동사
3100,-1,간장,명사
3101,-1,강의,명사
3102,-1,거,대명사
3104,-1,고민하다,동사
3105,-1,과,명사
3107,-1,교환,명사
3108,-1,국어,명사
3109,-1,노랗다,형용사
3110,-1,다치다,동사
3111,-1,동양,명사
3112,-1,동포,명사
3113,-1,뚫다,동사
3116,-1,상,명사
3117,-1,새,명사
3122,-1,악기,명사
3124,-1,연말,명사
3125,-1,올려놓다,동사
3126,-1,외면하다,동사
3127,-1,원고,명사
3129,-1,정말,명사
3130,-1,줄곧,부사
3131,-1,지출,명사
3133,-1,차,명사
3134,-1,치우다,동사
3135,-1,피로,명사
3136,-1,향,명사
3137,-1,개선하다,동사
3138,-1,계좌,명사
3140,-1,당기다,동사
3141,-1,도,명사
3142,-1,들다,보조사
3143,-1,따르다,동사
3144,-1,말기,명사
3145,-1,말없이,부사
3146,-1,망하다,동사
3147,-1,문서,명사
3148,-1,박수,명사
3150,-1,부자,명사
3151,-1,사흘,명사
3152,-1,서쪽,명사
3153,-1,성립되다,동사
3154,-1,손자,명사
3156,-1,신랑,명사
3157,-1,실습,명사
3160,-1,일찍이,부사
3161,-1,자율,명사
3162,-1,제법,부사
3163,-1,집중되다,동사
3164,-1,창조적,명사
3166,-1,천장,명사
3168,-1,파다,동사
3169,-1,하긴,부사
3170,-1,해결되다,동사
3171,-1,향상,명사
3172,-1,화가,명사
3173,-1,가라앉다,동사
3174,-1,감싸다,동사
3175,-1,고작,부사
3176,-1,구경하다,동사
3177,-1,국물,명사
3178,-1,기구,명사
3180,-1,깔다,동사
3181,-1,다짐하다,동사
3183,-1,대합실,명사
3184,-1,말씀드리다,동사
3185,-1,매장,명사
3186,-1,멀어지다,동사
3187,-1,명칭,명사
3188,-1,불쌍하다,형용사
3190,-1,상업,명사
3191,-1,생산되다,동사
3192,-1,숨기다,동사
3193,-1,실력,명사
3194,-1,야채,명사
3196,-1,엉덩이,명사
3197,-1,울음,명사
3199,-1,이달,명사
3200,-1,인체,명사
3201,-1,저고리,명사
3202,-1,전부,명사
3203,-1,즐거움,명사
3204,-1,지다,동사
3205,-1,진단,명사
3206,-1,질병,명사
3207,-1,짜다,동사
3208,-1,체력,명사
3209,-1,친하다,형용사
3211,-1,헤아리다,동사
3213,-1,각기,부사
3214,-1,경찰서,명사
3215,-1,곧바로,부사
3216,-1,관찰,명사
3217,-1,구두,명사
3219,-1,군사,명사
3220,-1,귀신,명사
3221,-1,귀하다,형용사
3222,-1,그토록,부사
3223,-1,기초하다,동사
3224,-1,깊이,명사
3225,-1,나뭇가지,명사
3226,-1,낫다,동사
3228,-1,답하다,동사
3229,-1,대가,명사
3230,-1,더위,명사
3231,-1,되찾다,동사
3232,-1,말리다,동사
3233,-1,무덤,명사
3234,-1,물결,명사
3235,-1,밥상,명사
3236,-1,보장하다,동사
3237,-1,사과,명사
3238,-1,사귀다,동사
3240,-1,서너,관사
3241,-1,솟다,동사
3242,-1,실패,명사
3243,-1,예상하다,동사
3244,-1,예외,명사
3245,-1,완전,명사
3246,-1,웃기다,동사
3247,-1,유리,명사
3248,-1,절대적,명사
3249,-1,제작하다,동사
3250,-1,쥐,명사
3251,-1,최대한,명사
3252,-1,턱,명사
3253,-1,팔리다,동사
3254,-1,품다,동사
3255,-1,하하,부사
3257,-1,형부,명사
3258,-1,휴식,명사
3259,-1,굳다,형용사
3260,-1,굳어지다,동사
3261,-1,굶다,동사
3262,-1,금년,명사
3263,-1,기기,명사
3264,-1,까맣다,형용사
3265,-1,나침반,명사
3267,-1,농부,명사
3268,-1,대학원,명사
3269,-1,더럽다,형용사
3270,-1,도달하다,동사
3271,-1,뒤늦다,형용사
3272,-1,뒤지다,동사
3273,-1,등록,명사
3274,-1,디스크,명사
3275,-1,맛보다,동사
3277,-1,무늬,명사
3278,-1,문장,명사
3279,-1,묻다,동사
3280,-1,변호사,명사
3283,-1,상,명사
3284,-1,상상력,명사
3287,-1,여학생,명사
3288,-1,영업,명사
3289,-1,예,명사
3290,-1,예방,명사
3291,-1,완성,명사
3292,-1,유리하다,형용사
3293,-1,자연환경,명사
3296,-1,증명하다,동사
3297,-1,지적되다,동사
3298,-1,지점,명사
3299,-1,철저히,부사
3300,-1,코스,명사
3301,-1,학부모,명사
3302,-1,합리적,명사
3304,-1,해석하다,동사
3305,-1,힘쓰다,동사
3306,-1,거듭,부사
3307,-1,귀국하다,동사
3308,-1,기뻐하다,동사
3309,-1,날리다,동사
3310,-1,내려놓다,동사
3311,-1,냉장고,명사
3312,-1,당근,명사
3313,-1,덜다,동사
3315,-1,뛰어넘다,동사
3316,-1,마누라,명사
3317,-1,맞이하다,동사
3318,-1,불행하다,형용사
3320,-1,신고하다,동사
3321,-1,연속,명사
3322,-1,외롭다,형용사
3323,-1,욕,명사
3324,-1,원장,명사
3325,-1,유물,명사
3326,-1,저절로,부사
3327,-1,절,명사
3328,-1,정비,명사
3330,-1,주의,명사
3331,-1,지난번,명사
3333,-1,집어넣다,동사
3334,-1,통계,명사
3335,-1,파일,명사
3337,-1,피해자,명사
3338,-1,필수적,명사
3339,-1,학용품,명사
3340,-1,화분,명사
3341,-1,환하다,형용사
3342,-1,갈색,명사
3343,-1,감기,명사
3344,-1,강남,명사
3346,-1,구속되다,동사
3348,-1,돌아다니다,동사
3350,-1,멋지다,형용사
3351,-1,반발,명사
3352,-1,반찬,명사
3353,-1,방지,명사
3354,-1,배다,동사
3356,-1,보장,명사
3357,-1,빠져나오다,동사
3358,-1,새다,동사
3360,-1,소개되다,동사
3361,-1,씨,명사
3362,-1,안쪽,명사
3364,-1,억울하다,형용사
3365,-1,오가다,동사
3366,-1,요구되다,동사
3367,-1,음성,명사
3368,-1,이윽고,부사
3370,-1,장식,명사
3371,-1,전개하다,동사
3372,-1,전날,명사
3373,-1,전반적,명사
3377,-1,척하다,보조사
3380,-1,풍습,명사
3381,-1,한가운데,명사
3382,-1,한정되다,동사
3383,-1,해내다,동사
3384,-1,흉내,명사
3385,-1,감옥,명사
3386,-1,갚다,동사
3388,-1,건전하다,형용사
3389,-1,결혼식,명사
3390,-1,계산기,명사
3392,-1,광장,명사
3393,-1,그렇지,감탄사
3394,-1,깨다,동사
3395,-1,꽉,부사
3396,-1,끼우다,동사
3398,-1,노래하다,동사
3399,-1,다듬다,동사
3400,-1,다름없다,형용사
3401,-1,당당하다,형용사
3402,-1,댐,명사
3403,-1,덩어리,명사
3404,-1,두뇌,명사
3406,-1,모처럼,부사
3407,-1,물리학,명사
3408,-1,벌,명사
3410,-1,부정적,명사
3411,-1,북부,명사
3412,-1,분리,명사
3413,-1,상당,명사
3415,-1,세다,형용사
3416,-1,소개,명사
3417,-1,수화기,명사
3419,-1,애인,명사
3420,-1,애초,명사
3421,-1,얇다,형용사
3422,-1,양념,명사
3423,-1,에,감탄사
3425,-1,오염되다,동사
3426,-1,오해,명사
3428,-1,웬일,명사
3431,-1,의식,명사
3432,-1,의지하다,동사
3433,-1,일기,명사
3434,-1,절대,부사
3436,-1,제한하다,동사
3437,-1,존중하다,동사
3439,-1,창고,명사
3440,-1,채,부사
3441,-1,책임지다,동사
3442,-1,청춘,명사
3443,-1,초반,명사
3446,-1,트럭,명사
3447,-1,파,명사
3448,-1,폭넓다,형용사
3449,-1,표현되다,동사
3450,-1,학번,명사
3451,-1,학원,명사
3452,-1,허가,명사
3453,-1,헤매다,동사
3454,-1,가장,명사
3459,-1,곡,명사
3460,-1,곡식,명사
3462,-1,꽂다,동사
3466,-1,두려움,명사
3467,-1,망설이다,동사
3468,-1,무리,명사
3470,-1,버터,명사
3471,-1,별다르다,형용사
3472,-1,보편적,명사
3473,-1,부품,명사
3476,-1,뻔하다,형용사
3477,-1,뽑히다,동사
3478,-1,상담,명사
3479,-1,서부,명사
3481,-1,속담,명사
3482,-1,시중,명사
3484,-1,심사,명사
3485,-1,아이,감탄사
3486,-1,앞세우다,동사
3488,-1,유사하다,형용사
3489,-1,유치원,명사
3490,-1,의욕,명사
3491,-1,인근,명사
3493,-1,일반인,명사
3494,-1,작성하다,동사
3495,-1,전공,명사
3497,-1,정기,명사
3498,-1,제의,명사
3499,-1,종일,명사
3500,-1,좋아지다,동사
3502,-1,차림,명사
3503,-1,창조하다,동사
3504,-1,추위,명사
3505,-1,토마토,명사
3506,-1,파랗다,형용사
3507,-1,펴내다,동사
3509,-1,하드웨어,명사
3510,-1,화장,명사
3512,-1,가져가다,동사
3513,-1,감자,명사
3514,-1,강렬하다,형용사
3515,-1,갖다,보조사
3516,-1,괴롭다,형용사
3517,-1,교통사고,명사
3520,-1,내일,부사
3523,-1,되풀이하다,동사
3524,-1,딱,부사
3526,-1,메시지,명사
3527,-1,면하다,동사
3528,-1,모색하다,동사
3530,-1,붙잡다,동사
3531,-1,빛깔,명사
3532,-1,뺨,명사
3533,-1,사방,명사
3534,-1,살림,명사
3537,-1,실현,명사
3538,-1,아냐,감탄사
3539,-1,연예인,명사
3540,-1,영원히,부사
3541,-1,월급,명사
3542,-1,유행,명사
3544,-1,이내,부사
3545,-1,이리,부사
3547,-1,제발,부사
3550,-1,차츰,부사
3553,-1,투표,명사
3554,-1,파괴하다,동사
3555,-1,하느님,명사
3557,-1,해당되다,동사
3559,-1,홀로,부사
3560,-1,가까이,명사
3561,-1,가득하다,형용사
3562,-1,각자,부사
3563,-1,감히,부사
3564,-1,강요하다,동사
3565,-1,개미,명사
3566,-1,관습,명사
3567,-1,광경,명사
3571,-1,금세,부사
3572,-1,낮추다,동사
3574,-1,내주다,동사
3578,-1,명의,명사
3579,-1,물고기,명사
3580,-1,물러나다,동사
3581,-1,밀접하다,형용사
3582,-1,부탁,명사
3583,-1,분량,명사
3584,-1,불과,부사
3585,-1,뻔하다,보조사
3587,-1,상자,명사
3588,-1,새해,명사
3589,-1,소박하다,형용사
3590,-1,수없이,부사
3591,-1,승진,명사
3592,-1,양,관사
3593,-1,얼음,명사
3596,-1,열매,명사
3600,-1,적히다,동사
3602,-1,점수,명사
3603,-1,제한되다,동사
3605,-1,지속되다,동사
3606,-1,쫓기다,동사
3607,-1,쭉,부사
3611,-1,통장,명사
3613,-1,평가되다,동사
3614,-1,하도,부사
3615,-1,한창,부사
3616,-1,해안,명사
3617,-1,호박,명사
3619,-1,흑인,명사
3620,-1,간,명사
3621,-1,갇히다,동사
3623,-1,결심하다,동사
3624,-1,경기장,명사
3625,-1,고장,명사
3628,-1,근로,명사
3629,-1,눈동자,명사
3630,-1,늦다,동사
3631,-1,닥치다,동사
3633,-1,도시락,명사
3634,-1,뜯다,동사
3636,-1,몸짓,명사
3638,-1,부담하다,동사
3640,-1,부회장,명사
3642,-1,빼앗다,동사
3643,-1,삼키다,동사
3645,-1,성실하다,형용사
3646,-1,스튜디오,명사
3647,-1,실제,부사
3649,-1,요새,명사
3650,-1,이상적,명사
3652,-1,일쑤,명사
3653,-1,일체,명사
3654,-1,자꾸만,부사
3655,-1,잦다,형용사
3656,-1,절망,명사
3657,-1,접다,동사
3659,-1,제시되다,동사
3660,-1,주방,명사
3662,-1,진출하다,동사
3663,-1,짜증,명사
3664,-1,첫날,명사
3666,-1,통과하다,동사
3667,-1,투명하다,형용사
3671,-1,확산되다,동사
3672,-1,경력,명사
3674,-1,고통스럽다,형용사
3675,-1,곤란하다,형용사
3676,-1,공중,명사
3677,-1,공해,명사
3679,-1,귀찮다,형용사
3680,-1,기대다,동사
3681,-1,깨어나다,동사
3682,-1,꼽히다,동사
3683,-1,대다수,명사
3685,-1,듯싶다,보조사
3686,-1,먹이,명사
3687,-1,무,명사
3688,-1,무료,명사
3689,-1,밉다,형용사
3690,-1,발레,명사
3693,-1,상징하다,동사
3694,-1,실현하다,동사
3695,-1,아깝다,형용사
3696,-1,안정되다,동사
3698,-1,어리석다,형용사
3699,-1,엎드리다,동사
3700,-1,여럿,명사
3702,-1,연설,명사
3703,-1,연필,명사
3704,-1,염려,명사
3706,-1,우습다,형용사
3707,-1,운전,명사
3708,-1,익숙하다,형용사
3709,-1,일자,명사
3710,-1,잔치,명사
3712,-1,전달되다,동사
3713,-1,전부,부사
3716,-1,차다,형용사
3718,-1,치료하다,동사
3719,-1,칸,명사
3720,-1,한,명사
3723,-1,갈수록,부사
3725,-1,갖가지,명사
3726,-1,거절하다,동사
3730,-1,관광객,명사
3731,-1,구별하다,동사
3732,-1,국,명사
3735,-1,다행,명사
3737,-1,동의,명사
3740,-1,마무리,명사
3741,-1,마주치다,동사
3742,-1,막상,부사
3743,-1,몇,수사
3744,-1,몸통,명사
3745,-1,못,명사
3746,-1,묘사하다,동사
3748,-1,미술관,명사
3750,-1,베다,동사
3751,-1,보장되다,동사
3752,-1,볼,명사
3753,-1,부분적,명사
3754,-1,불고기,명사
3755,-1,불리다,동사
3756,-1,불행,명사
3757,-1,비명,명사
3759,-1,순수,명사
3760,-1,시각,명사
3761,-1,실질적,명사
3762,-1,안개,명사
3764,-1,여름철,명사
3765,-1,오로지,부사
3766,-1,완성하다,동사
3767,-1,이런저런,관사
3769,-1,임무,명사
3770,-1,자연히,부사
3772,-1,장난,명사
3773,-1,저런,관사
3774,-1,전용,명사
3778,-1,지극히,부사
3779,-1,청하다,동사
3783,-1,확정,명사
3784,-1,가상,명사
3785,-1,각자,명사
3786,-1,간혹,부사
3787,-1,개방하다,동사
3791,-1,관계되다,동사
3792,-1,국산,명사
3794,-1,그해,명사
3795,-1,꺼지다,동사
3796,-1,꼭대기,명사
3797,-1,끊어지다,동사
3800,-1,도,명사
3802,-1,리그,명사
3803,-1,마이크,명사
3804,-1,만족하다,형용사
3805,-1,메우다,동사
3806,-1,면적,명사
3808,-1,목욕,명사
3809,-1,반성,명사
3810,-1,벌떡,부사
3811,-1,보상,명사
3812,-1,분리되다,동사
3813,-1,빚,명사
3814,-1,새기다,동사
3815,-1,서민,명사
3817,-1,선정하다,동사
3820,-1,세다,동사
3821,-1,소수,명사
3822,-1,쇼,명사
3823,-1,수학,명사
3824,-1,시어머니,명사
3825,-1,시집,명사
3826,-1,연간,명사
3827,-1,영화제,명사
3828,-1,예측하다,동사
3829,-1,용도,명사
3830,-1,의심,명사
3831,-1,이동하다,동사
3832,-1,자극하다,동사
3833,-1,재빨리,부사
3835,-1,적합하다,형용사
3836,-1,전화번호,명사
3837,-1,조절하다,동사
3838,-1,조정,명사
3839,-1,중얼거리다,동사
3841,-1,지급하다,동사
3845,-1,확장,명사
3847,-1,감사하다,형용사
3849,-1,건조,명사
3851,-1,고요하다,형용사
3852,-1,그대,대명사
3853,-1,그립다,형용사
3854,-1,긋다,동사
3855,-1,기둥,명사
3856,-1,긴장하다,동사
3857,-1,날카롭다,형용사
3859,-1,논하다,동사
3860,-1,느리다,형용사
3861,-1,도덕,명사
3862,-1,동부,명사
3863,-1,뒷모습,명사
3864,-1,똑똑하다,형용사
3865,-1,만,관사
3866,-1,만만하다,형용사
3867,-1,못되다,형용사
3869,-1,보고하다,동사
3870,-1,사무소,명사
3871,-1,사촌,명사
3872,-1,상,명사
3874,-1,상인,명사
3875,-1,선언하다,동사
3876,-1,소원,명사
3877,-1,수입하다,동사
3878,-1,식다,동사
3879,-1,엿보다,동사
3880,-1,완성되다,동사
3881,-1,유적,명사
3883,-1,일생,명사
3884,-1,입히다,동사
3885,-1,잡아먹다,동사
3886,-1,정보화,명사
3887,-1,종종,부사
3888,-1,지갑,명사
3890,-1,차다,동사
3891,-1,창작,명사
3892,-1,축소,명사
3893,-1,취향,명사
3894,-1,친절하다,형용사
3895,-1,카운터,명사
3897,-1,탄생하다,동사
3898,-1,하숙집,명사
3899,-1,학급,명사
3900,-1,해군,명사
3903,-1,효율적,명사
3904,-1,가슴속,명사
3905,-1,간,명사
3906,-1,간판,명사
3907,-1,건드리다,동사
3909,-1,관리하다,동사
3910,-1,괴로움,명사
3912,-1,근거하다,동사
3913,-1,금액,명사
3915,-1,다행히,부사
3916,-1,달래다,동사
3920,-1,동아리,명사
3921,-1,따라오다,동사
3922,-1,말리다,동사
3923,-1,맘,명사
3924,-1,먹다,보조사
3926,-1,명절,명사
3927,-1,못하다,형용사
3928,-1,바이올린,명사
3929,-1,밝혀내다,동사
3930,-1,부서지다,동사
3932,-1,비행,명사
3934,-1,상관없다,형용사
3936,-1,성립하다,동사
3937,-1,수명,명사
3938,-1,시즌,명사
3939,-1,신기하다,형용사
3940,-1,업다,동사
3943,-1,예감,명사
3944,-1,음식물,명사
3946,-1,자신감,명사
3948,-1,죄인,명사
3949,-1,주의하다,동사
3950,-1,준비물,명사
3952,-1,천,명사
3955,-1,출입,명사
3956,-1,쾌감,명사
3957,-1,탄생,명사
3958,-1,튀다,동사
3960,-1,하필,부사
3963,-1,활용,명사
3964,-1,회색,명사
3967,-1,거액,명사
3968,-1,고교,명사
3969,-1,고집하다,동사
3970,-1,곧잘,부사
3971,-1,골짜기,명사
3973,-1,교훈,명사
3974,-1,구르다,동사
3976,-1,글씨,명사
3977,-1,노래방,명사
3979,-1,단편,명사
3980,-1,달다,동사
3981,-1,대처하다,동사
3982,-1,매다,동사
3983,-1,머리카락,명사
3984,-1,명확하다,형용사
3986,-1,발걸음,명사
3987,-1,발길,명사
3988,-1,벌레,명사
3991,-1,빼앗기다,동사
3994,-1,생산자,명사
3995,-1,선진,명사
3997,-1,성인,명사
3998,-1,소매,명사
4001,-1,시멘트,명사
4002,-1,신규,명사
4003,-1,신청하다,동사
4004,-1,실은,부사
4005,-1,심판,명사
4006,-1,안기다,동사
4007,-1,양심,명사
4009,-1,이사장,명사
4010,-1,이자,명사
4011,-1,익숙해지다,동사
4013,-1,자세하다,형용사
4015,-1,저거,대명사
4016,-1,저축,명사
4017,-1,제비,명사
4018,-1,제안,명사
4019,-1,제안하다,동사
4021,-1,증세,명사
4022,-1,지난날,명사
4024,-1,진급,명사
4027,-1,콩나물,명사
4028,-1,튀어나오다,동사
4029,-1,표준,명사
4030,-1,항구,명사
4032,-1,허용,명사
4033,-1,헬기,명사
4034,-1,간신히,부사
4035,-1,갈아입다,동사
4036,-1,감다,동사
4038,-1,같이하다,동사
4039,-1,거짓,명사
4040,-1,거품,명사
4041,-1,걸어오다,동사
4043,-1,공군,명사
4046,-1,기술자,명사
4047,-1,나물,명사
4050,-1,달리기,명사
4051,-1,대도시,명사
4052,-1,도둑,명사
4054,-1,도전,명사
4058,-1,면,명사
4059,-1,모자,명사
4060,-1,보조,명사
4061,-1,불리하다,형용사
4062,-1,불편,명사
4063,-1,비비다,동사
4064,-1,사과,명사
4066,-1,살아나다,동사
4073,-1,소파,명사
4074,-1,속이다,동사
4075,-1,수면,명사
4076,-1,수천,관사
4078,-1,스무,관사
4079,-1,승부,명사
4080,-1,시기,명사
4082,-1,신념,명사
4083,-1,신입생,명사
4084,-1,어린아이,명사
4085,-1,어쩐지,부사
4086,-1,여간,부사
4087,-1,역,명사
4088,-1,연락하다,동사
4089,-1,영향력,명사
4090,-1,예의,명사
4093,-1,이내,명사
4094,-1,이리저리,부사
4095,-1,인간적,명사
4096,-1,인사하다,동사
4097,-1,임금,명사
4099,-1,잘나다,형용사
4100,-1,재능,명사
4102,-1,지불하다,동사
4107,-1,파출소,명사
4108,-1,판,명사
4110,-1,한문,명사
4112,-1,건네주다,동사
4113,-1,결승,명사
4114,-1,공공,명사
4115,-1,교양,명사
4116,-1,국왕,명사
4117,-1,규칙적,명사
4118,-1,극복,명사
4119,-1,글쎄요,감탄사
4120,-1,내려지다,동사
4121,-1,냉동,명사
4122,-1,녹다,동사
4124,-1,대개,명사
4129,-1,배추,명사
4132,-1,센터,명사
4134,-1,수염,명사
4135,-1,수집하다,동사
4136,-1,승객,명사
4137,-1,싱싱하다,형용사
4139,-1,아아,감탄사
4141,-1,어리다,동사
4142,-1,여권,명사
4143,-1,열쇠,명사
4145,-1,오렌지,명사
4146,-1,외모,명사
4149,-1,인공,명사
4151,-1,잠자리,명사
4152,-1,장남,명사
4153,-1,저마다,부사
4154,-1,전국적,명사
4155,-1,전반,명사
4160,-1,제자리,명사
4161,-1,지루하다,형용사
4170,-1,포도주,명사
4172,-1,학술,명사
4173,-1,혈액,명사
4174,-1,화살,명사
4175,-1,화재,명사
4177,-1,가르다,동사
4178,-1,각각,명사
4179,-1,간격,명사
4181,-1,고함,명사
4182,-1,공격하다,동사
4183,-1,그놈,대명사
4185,-1,기록되다,동사
4186,-1,끝없다,형용사
4187,-1,끼어들다,동사
4189,-1,노선,명사
4191,-1,답,명사
4193,-1,대사,명사
4195,-1,도망치다,동사
4196,-1,독서,명사
4198,-1,동의하다,동사
4200,-1,딱딱하다,형용사
4201,-1,땅속,명사
4203,-1,벌금,명사
4205,-1,복,명사
4206,-1,봉사,명사
4207,-1,부서,명사
4212,-1,성,명사
4213,-1,소형,명사
4214,-1,신인,명사
4218,-1,악몽,명사
4219,-1,안내,명사
4220,-1,앞뒤,명사
4221,-1,언덕,명사
4223,-1,열정,명사
4224,-1,오페라,명사
4229,-1,입맛,명사
4230,-1,재즈,명사
4232,-1,적응하다,동사
4233,-1,절대,명사
4234,-1,접시,명사
4236,-1,제공,명사
4237,-1,지나치다,동사
4240,-1,참가,명사
4241,-1,체중,명사
4242,-1,추석,명사
4243,-1,충돌,명사
4244,-1,통로,명사
4246,-1,포장,명사
4247,-1,해소,명사
4248,-1,행해지다,동사
4249,-1,현관,명사
4250,-1,현대인,명사
4251,-1,혜택,명사
4252,-1,호수,명사
4253,-1,확,부사
4255,-1,건너가다,동사
4258,-1,골고루,부사
4259,-1,구석구석,명사
4261,-1,그제서야,부사
4262,-1,껌,명사
4265,-1,녹색,명사
4266,-1,다,명사
4268,-1,등록증,명사
4269,-1,막내,명사
4273,-1,반복되다,동사
4274,-1,발전,명사
4275,-1,방해,명사
4276,-1,번호,명사
4277,-1,벼,명사
4279,-1,본인,명사
4281,-1,상점,명사
4285,-1,수백,관사
4288,-1,실장,명사
4289,-1,쓸쓸하다,형용사
4290,-1,악수,명사
4291,-1,애,명사
4292,-1,어지럽다,형용사
4293,-1,어찌하다,동사
4294,-1,예정되다,동사
4296,-1,이중,명사
4298,-1,인원,명사
4299,-1,인정받다,동사
4300,-1,인터뷰,명사
4302,-1,입학하다,동사
4303,-1,자랑,명사
4304,-1,저것,대명사
4305,-1,정문,명사
4311,-1,착각,명사
4312,-1,창,명사
4313,-1,친정,명사
4314,-1,켜지다,동사
4315,-1,타입,명사
4317,-1,팩,명사
4318,-1,표시하다,동사
4319,-1,행하다,동사
4320,-1,활짝,부사
4321,-1,감상하다,동사
4322,-1,개별,명사
4325,-1,공식적,명사
4326,-1,그런대로,부사
4328,-1,기독교,명사
4329,-1,깨달음,명사
4331,-1,끼다,동사
4332,-1,넘어지다,동사
4334,-1,눈부시다,형용사
4335,-1,단점,명사
4337,-1,들려주다,동사
4338,-1,뚜껑,명사
4339,-1,마음먹다,동사
4340,-1,목록,명사
4341,-1,반복하다,동사
4342,-1,반성하다,동사
4345,-1,별명,명사
4346,-1,보전,명사
4348,-1,불어오다,동사
4352,-1,소유하다,동사
4353,-1,수박,명사
4354,-1,스위치,명사
4355,-1,신세,명사
4356,-1,아까,명사
4357,-1,알아내다,동사
4358,-1,암,명사
4360,-1,야단,명사
4361,-1,얘,감탄사
4364,-1,연결,명사
4365,-1,연관,명사
4368,-1,용서하다,동사
4369,-1,우정,명사
4371,-1,육군,명사
4372,-1,음식점,명사
4373,-1,의논하다,동사
4380,-1,주요하다,형용사
4381,-1,죽,명사
4383,-1,차마,부사
4384,-1,참조,명사
4386,-1,첫째,관사
4388,-1,타고나다,동사
4389,-1,태우다,동사
4392,-1,행사,명사
4393,-1,향수,명사
4394,-1,허용되다,동사
4397,-1,가입,명사
4398,-1,가정,명사
4402,-1,과자,명사
4403,-1,교체,명사
4405,-1,김,명사
4407,-1,꼬마,명사
4408,-1,끝없이,부사
4409,-1,나르다,동사
4411,-1,놀리다,동사
4412,-1,늘어놓다,동사
4413,-1,닫히다,동사
4415,-1,대표하다,동사
4416,-1,대학교,명사
4417,-1,도로,부사
4418,-1,돼지고기,명사
4419,-1,두려워하다,동사
4420,-1,뜻밖,명사
4421,-1,막걸리,명사
4422,-1,맡다,동사
4424,-1,미스,명사
4425,-1,밀리다,동사
4426,-1,밥그릇,명사
4427,-1,방문,명사
4429,-1,병들다,동사
4430,-1,부러지다,동사
4433,-1,불꽃,명사
4436,-1,상대성,명사
4437,-1,설문,명사
4438,-1,소설가,명사
4443,-1,쓸다,동사
4444,-1,안녕히,부사
4445,-1,안팎,명사
4448,-1,예방하다,동사
4449,-1,올,명사
4451,-1,유의하다,동사
4452,-1,유학,명사
4453,-1,이해되다,동사
4454,-1,인하,명사
4456,-1,작성,명사
4457,-1,잘리다,동사
4459,-1,전달,명사
4460,-1,전시회,명사
4461,-1,전화하다,동사
4462,-1,전환하다,동사
4463,-1,정치학,명사
4464,-1,좌석,명사
4467,-1,주문,명사
4468,-1,집안일,명사
4469,-1,체계적,명사
4470,-1,출근,명사
4471,-1,크림,명사
4472,-1,탁월하다,형용사
4473,-1,텅,부사
4474,-1,토하다,동사
4478,-1,푹,부사
4479,-1,한순간,명사
4483,-1,가사,명사
4484,-1,가입자,명사
4485,-1,감소하다,동사
4486,-1,개구리,명사
4487,-1,결과적,명사
4489,-1,괴롭히다,동사
4490,-1,구별,명사
4495,-1,깨우다,동사
4496,-1,끈,명사
4497,-1,끊기다,동사
4498,-1,끊임없다,형용사
4500,-1,넉넉하다,형용사
4503,-1,동전,명사
4505,-1,두어,관사
4508,-1,마약,명사
4512,-1,밑바닥,명사
4514,-1,보도되다,동사
4515,-1,보리,명사
4516,-1,본부,명사
4517,-1,부,명사
4523,-1,성숙하다,동사
4524,-1,소극적,명사
4525,-1,소용,명사
4526,-1,손질하다,동사
4527,-1,수건,명사
4528,-1,순식간,명사
4530,-1,시도,명사
4532,-1,시집,명사
4533,-1,아무개,대명사
4534,-1,약점,명사
4535,-1,양복,명사
4536,-1,어째서,부정사
4537,-1,어쩌다,부사
4538,-1,얼다,동사
4539,-1,여,명사
4540,-1,연령,명사
4541,-1,예비,명사
4542,-1,울음소리,명사
4543,-1,이놈,대명사
4544,-1,이력서,명사
4545,-1,인정되다,동사
4547,-1,잠자다,동사
4550,-1,젓가락,명사
4554,-1,중단하다,동사
4555,-1,중대하다,형용사
4556,-1,중심지,명사
4560,-1,집중적,명사
4562,-1,참되다,형용사
4563,-1,초청,명사
4564,-1,출판사,명사
4566,-1,탁자,명사
4567,-1,토끼,명사
4570,-1,퍽,부사
4571,-1,풍속,명사
4572,-1,피아노,명사
4573,-1,핑계,명사
4574,-1,한층,부사
4575,-1,행운,명사
4576,-1,가로막다,동사
4577,-1,간섭,명사
4578,-1,갈증,명사
4580,-1,갑작스럽다,형용사
4582,-1,교환하다,동사
4586,-1,그래야,부정사
4587,-1,기원,명사
4588,-1,길가,명사
4589,-1,난리,명사
4590,-1,남매,명사
4591,-1,내버리다,동사
4594,-1,달리하다,동사
4598,-1,뛰어가다,동사
4601,-1,미사일,명사
4602,-1,발가락,명사
4607,-1,보존,명사
4608,-1,보호되다,동사
4609,-1,뵙다,동사
4611,-1,부치다,동사
4615,-1,상관,명사
4616,-1,설명되다,동사
4617,-1,섭섭하다,형용사
4619,-1,세련되다,형용사
4620,-1,손쉽다,형용사
4623,-1,안주,명사
4624,-1,어린애,명사
4628,-1,열기,명사
4630,-1,옷차림,명사
4632,-1,위로하다,동사
4633,-1,이같이,부사
4636,-1,인형,명사
4638,-1,일치,명사
4641,-1,재생,명사
4643,-1,전철,명사
4652,-1,찢어지다,동사
4653,-1,철학자,명사
4656,-1,축하하다,동사
4658,-1,컬러,명사
4659,-1,통화,명사
4661,-1,특이하다,형용사
4662,-1,필연적,명사
4663,-1,하룻밤,명사
4666,-1,흘러내리다,동사
4668,-1,가짜,명사
4669,-1,강도,명사
4671,-1,곰,명사
4676,-1,급히,부사
4677,-1,기념,명사
4679,-1,나아지다,동사
4680,-1,넘어오다,동사
4685,-1,되돌리다,동사
4687,-1,띄우다,동사
4690,-1,매너,명사
4693,-1,민속,명사
4696,-1,버려지다,동사
4701,-1,빗물,명사
4702,-1,사위,명사
4704,-1,설날,명사
4705,-1,설득하다,동사
4707,-1,손질,명사
4708,-1,손톱,명사
4711,-1,식빵,명사
4712,-1,아르바이트,명사
4717,-1,외로움,명사
4718,-1,외우다,동사
4720,-1,운전자,명사
4721,-1,유리창,명사
4725,-1,입대,명사
4730,-1,적성,명사
4731,-1,전망하다,동사
4736,-1,집단적,명사
4738,-1,차이점,명사
4740,-1,찬물,명사
4741,-1,철도,명사
4742,-1,총각,명사
4747,-1,캠페인,명사
4748,-1,태풍,명사
4750,-1,한눈,명사
4751,-1,햇볕,명사
4753,-1,홍수,명사
4755,-1,가뭄,명사
4756,-1,간접,명사
4757,-1,강력히,부사
4758,-1,개선되다,동사
4760,-1,건네다,동사
4761,-1,게,명사
4763,-1,결심,명사
4767,-1,곧장,부사
4769,-1,교직,명사
4770,-1,구속하다,동사
4772,-1,귀중하다,형용사
4773,-1,긁다,동사
4774,-1,금지하다,동사
4775,-1,기사,명사
4776,-1,기숙사,명사
4778,-1,나뭇잎,명사
4779,-1,내쉬다,동사
4780,-1,넓어지다,동사
4781,-1,늘어지다,동사
4782,-1,단독,명사
4789,-1,마음껏,부사
4790,-1,몰려들다,동사
4793,-1,미팅,명사
4794,-1,바,명사
4796,-1,발자국,명사
4797,-1,뱉다,동사
4798,-1,벌어지다,동사
4799,-1,보너스,명사
4802,-1,산책,명사
4803,-1,생기,명사
4805,-1,서적,명사
4807,-1,소화,명사
4808,-1,수험생,명사
4809,-1,시끄럽다,형용사
4810,-1,신세대,명사
4813,-1,안기다,동사
4814,-1,어기다,동사
4815,-1,어때,부정사
4816,-1,엘리베이터,명사
4817,-1,연구원,명사
4819,-1,연애,명사
4820,-1,연휴,명사
4821,-1,요약하다,동사
4822,-1,운동하다,동사
4823,-1,월요일,명사
4824,-1,위성,명사
4826,-1,의외로,부사
4827,-1,이모,명사
4828,-1,자살,명사
4833,-1,제시,명사
4834,-1,제외되다,동사
4835,-1,조카,명사
4836,-1,주소,명사
4838,-1,찍히다,동사
4841,-1,철,명사
4844,-1,취직,명사
4846,-1,타락,명사
4847,-1,통화,명사
4848,-1,틀림없이,부사
4849,-1,파티,명사
4856,-1,회관,명사
4862,-1,계획하다,동사
4864,-1,공연장,명사
4868,-1,국적,명사
4871,-1,근래,명사
4874,-1,나뉘다,동사
4875,-1,낱말,명사
4876,-1,내외,명사
4877,-1,냄비,명사
4878,-1,늑대,명사
4879,-1,늘어서다,동사
4880,-1,다정하다,형용사
4881,-1,달다,형용사
4882,-1,달려들다,동사
4888,-1,망원경,명사
4890,-1,모범,명사
4891,-1,무리하다,형용사
4892,-1,묶이다,동사
4896,-1,방해하다,동사
4897,-1,뱀,명사
4903,-1,뵈다,동사
4906,-1,상류,명사
4907,-1,석,관사
4909,-1,선명하다,형용사
4910,-1,선호하다,동사
4911,-1,성공적,명사
4912,-1,소규모,명사
4914,-1,수시로,부사
4915,-1,시야,명사
4917,-1,실현되다,동사
4918,-1,아니야,감탄사
4919,-1,어느덧,부사
4922,-1,오르내리다,동사
4923,-1,왕자,명사
4924,-1,우수하다,형용사
4926,-1,유명,명사
4929,-1,유형,명사
4930,-1,으레,부사
4933,-1,일상적,명사
4934,-1,일일이,부사
4936,-1,전공하다,동사
4938,-1,전후,명사
4939,-1,정상,명사
4940,-1,정상적,명사
4942,-1,질적,명사
4945,-1,철,명사
4946,-1,청소하다,동사
4947,-1,충격적,명사
4948,-1,치아,명사
4950,-1,판,명사
4951,-1,편의,명사
4952,-1,폐지,명사
4955,-1,해설,명사
4956,-1,헌,관사
4962,-1,흑백,명사
4963,-1,희생,명사
4964,-1,가까워지다,동사
4966,-1,감사하다,동사
4967,-1,강도,명사
4968,-1,경비,명사
4969,-1,경제력,명사
4976,-1,금하다,동사
4977,-1,기대되다,동사
4980,-1,깊숙이,부사
4982,-1,꿀,명사
4984,-1,넘어뜨리다,동사
4985,-1,농사짓다,동사
4987,-1,단단하다,형용사
4988,-1,담당자,명사
4989,-1,답변,명사
4990,-1,대비,명사
4991,-1,대체,부사
4992,-1,더욱더,부사
4993,-1,도심,명사
4994,-1,된장,명사
4995,-1,둘러싸이다,동사
4996,-1,등산,명사
4997,-1,마찰,명사
4998,-1,마크,명사
4999,-1,만족,명사
5000,-1,망치다,동사
5002,-1,메뉴,명사
5005,-1,묘사,명사
5007,-1,문화적,명사
5008,-1,묻히다,동사
5009,-1,미혼,명사
5010,-1,발전되다,동사
5011,-1,방송사,명사
5012,-1,방지하다,동사
5016,-1,사표,명사
5019,-1,삼가다,동사
5020,-1,생방송,명사
5023,-1,셋째,관사
5024,-1,소홀히,부사
5025,-1,손발,명사
5031,-1,쌍둥이,명사
5032,-1,안내하다,동사
5033,-1,앉히다,동사
5037,-1,영하,명사
5038,-1,옆구리,명사
5039,-1,외교관,명사
5040,-1,외국어,명사
5042,-1,웬만하다,형용사
5043,-1,유행하다,동사
5045,-1,으응,감탄사
5046,-1,이어서,부사
5048,-1,자장면,명사
5049,-1,자정,명사
5052,-1,종합하다,동사
5053,-1,중학생,명사
5057,-1,짜다,동사
5061,-1,최후,명사
5062,-1,취재,명사
5063,-1,치다,동사
5064,-1,테러,명사
5065,-1,토론회,명사
5067,-1,한잔,명사
5069,-1,호주머니,명사
5070,-1,휴일,명사
5071,-1,가난,명사
5072,-1,가죽,명사
5077,-1,관계없이,부사
5080,-1,군,명사
5085,-1,기다,동사
5087,-1,다툼,명사
5088,-1,달력,명사
5092,-1,대낮,명사
5094,-1,데려가다,동사
5095,-1,도자기,명사
5096,-1,돌멩이,명사
5098,-1,되돌아오다,동사
5099,-1,두께,명사
5100,-1,뒤쪽,명사
5104,-1,모조리,부사
5108,-1,변경,명사
5110,-1,부지런히,부사
5114,-1,사슴,명사
5117,-1,삼촌,명사
5118,-1,상당수,명사
5121,-1,소풍,명사
5122,-1,속옷,명사
5123,-1,손목,명사
5124,-1,손실,명사
5125,-1,슬쩍,부사
5126,-1,시나리오,명사
5127,-1,신문지,명사
5128,-1,실컷,부사
5129,-1,양보하다,동사
5131,-1,엔진,명사
5132,-1,용,명사
5133,-1,운행,명사
5135,-1,이대로,부사
5136,-1,인간성,명사
5138,-1,인상적,명사
5139,-1,자라나다,동사
5140,-1,전시,명사
5142,-1,조그마하다,형용사
5143,-1,주차장,명사
5144,-1,주한,명사
5145,-1,중년,명사
5147,-1,지다,동사
5148,-1,찌꺼기,명사
5154,-1,춤추다,동사
5157,-1,테니스,명사
5158,-1,파리,명사
5159,-1,포스터,명사
5160,-1,포함,명사
5163,-1,형식적,명사
5164,-1,호남,명사
5166,-1,후회하다,동사
5167,-1,가이드,명사
5168,-1,가입하다,동사
5170,-1,감소,명사
5175,-1,고르다,형용사
5176,-1,고속도로,명사
5179,-1,공책,명사
5181,-1,구분되다,동사
5182,-1,구입,명사
5184,-1,기여,명사
5185,-1,기호,명사
5186,-1,꾸리다,동사
5189,-1,낭비,명사
5191,-1,내외,명사
5195,-1,대략,부사
5198,-1,덮이다,동사
5199,-1,도리어,부사
5201,-1,똑바로,부사
5202,-1,라인,명사
5203,-1,렌즈,명사
5206,-1,멋있다,형용사
5207,-1,멸치,명사
5210,-1,바람,명사
5211,-1,발목,명사
5212,-1,밤늦다,형용사
5213,-1,방울,명사
5215,-1,배,명사
5216,-1,벌,명사
5217,-1,보관,명사
5218,-1,보살피다,동사
5219,-1,보완하다,동사
5220,-1,보존하다,동사
5223,-1,빨다,동사
5224,-1,빼놓다,동사
5225,-1,사상,명사
5226,-1,사춘기,명사
5227,-1,상반기,명사
5229,-1,서점,명사
5230,-1,선전,명사
5231,-1,설립하다,동사
5234,-1,수집,명사
5235,-1,수필,명사
5237,-1,신기하다,형용사
5238,-1,신비,명사
5239,-1,신설,명사
5240,-1,실감,명사
5241,-1,실망,명사
5244,-1,쓰다듬다,동사
5246,-1,알루미늄,명사
5247,-1,알아주다,동사
5248,-1,양말,명사
5249,-1,여우,명사
5252,-1,와,감탄사
5257,-1,외출,명사
5258,-1,용기,명사
5259,-1,웨이터,명사
5260,-1,유발하다,동사
5261,-1,유지되다,동사
5264,-1,자가용,명사
5266,-1,잡아당기다,동사
5273,-1,점검,명사
5275,-1,정말,감탄사
5276,-1,정원,명사
5277,-1,조기,명사
5278,-1,존경하다,동사
5279,-1,종,명사
5281,-1,종소리,명사
5283,-1,중순,명사
5284,-1,지각,명사
5285,-1,직선,명사
5288,-1,참외,명사
5291,-1,체하다,보조사
5292,-1,체험하다,동사
5293,-1,초대하다,동사
5294,-1,총,명사
5295,-1,칭찬하다,동사
5296,-1,코치,명사
5298,-1,통일하다,동사
5301,-1,패션,명사
5302,-1,프린터,명사
5303,-1,피디,명사
5304,-1,하나하나,부사
5305,-1,학위,명사
5308,-1,회의,명사
5311,-1,가로등,명사
5312,-1,감,명사
5313,-1,개개인,명사
5314,-1,걷다,동사
5316,-1,고집,명사
5323,-1,금,명사
5324,-1,급격히,부사
5325,-1,기능,명사
5326,-1,기막히다,형용사
5327,-1,나누어지다,동사
5328,-1,낙엽,명사
5330,-1,넘겨주다,동사
5331,-1,논리적,명사
5334,-1,다가서다,동사
5337,-1,대기하다,동사
5339,-1,대접,명사
5341,-1,동창,명사
5342,-1,두리번거리다,동사
5343,-1,말다,동사
5344,-1,맞은편,명사
5346,-1,멋,명사
5347,-1,면,명사
5351,-1,밤하늘,명사
5352,-1,변명,명사
5353,-1,보자기,명사
5356,-1,부상,명사
5359,-1,분리하다,동사
5360,-1,붙들다,동사
5362,-1,사들이다,동사
5365,-1,상관없이,부사
5367,-1,새우,명사
5368,-1,선원,명사
5369,-1,설사,부사
5372,-1,실망하다,동사
5373,-1,심해지다,동사
5374,-1,씨름,명사
5375,-1,아쉬움,명사
5376,-1,앞길,명사
5377,-1,약해지다,동사
5378,-1,어젯밤,명사
5379,-1,엉망,명사
5380,-1,여관,명사
5381,-1,여쭈다,동사
5382,-1,연습하다,동사
5383,-1,연출하다,동사
5384,-1,열중하다,동사
5385,-1,영웅,명사
5386,-1,오,감탄사
5388,-1,유산,명사
5391,-1,의도적,명사
5392,-1,이따금,부사
5393,-1,임신부,명사
5395,-1,장기적,명사
5396,-1,재주,명사
5399,-1,전설,명사
5401,-1,절,명사
5403,-1,젖,명사
5406,-1,조르다,동사
5408,-1,주문하다,동사
5409,-1,주사,명사
5411,-1,지겹다,형용사
5414,-1,짐작,명사
5415,-1,쫓겨나다,동사
5416,-1,찢다,동사
5417,-1,채널,명사
5420,-1,출근하다,동사
5421,-1,취소하다,동사
5422,-1,취업,명사
5423,-1,칠하다,동사
5424,-1,타오르다,동사
5425,-1,탁,부사
5426,-1,판,명사
5427,-1,평,명사
5428,-1,평화롭다,형용사
5429,-1,표시,명사
5430,-1,표시,명사
5431,-1,하반기,명사
5432,-1,한구석,명사
5433,-1,한하다,동사
5435,-1,해답,명사
5436,-1,해소하다,동사
5437,-1,허락하다,동사
5438,-1,확립하다,동사
5439,-1,확신하다,동사
5441,-1,흥분,명사
5442,-1,흥분하다,동사
5443,-1,힘겹다,형용사
5445,-1,감수성,명사
5447,-1,거들다,동사
5448,-1,건너편,명사
5452,-1,경치,명사
5460,-1,급속히,부사
5461,-1,급증하다,동사
5463,-1,깔끔하다,형용사
5464,-1,꼼꼼하다,형용사
5465,-1,낮아지다,동사
5470,-1,단순,명사
5471,-1,대사,명사
5473,-1,두세,관사
5475,-1,때,명사
5476,-1,매,명사
5478,-1,먹고살다,동사
5479,-1,멎다,동사
5481,-1,면담,명사
5485,-1,모집,명사
5486,-1,모퉁이,명사
5488,-1,바구니,명사
5489,-1,바싹,부사
5490,-1,발달되다,동사
5491,-1,발음,명사
5492,-1,방울,명사
5493,-1,보름,명사
5496,-1,봉지,명사
5498,-1,부딪히다,동사
5500,-1,비상,명사
5501,-1,비서,명사
5502,-1,뿌리치다,동사
5503,-1,사업자,명사
5505,-1,상대편,명사
5506,-1,세트,명사
5507,-1,소망,명사
5508,-1,수동적,명사
5509,-1,술잔,명사
5511,-1,슬그머니,부사
5513,-1,시장,명사
5514,-1,시청률,명사
5516,-1,신문사,명사
5519,-1,여군,명사
5520,-1,연인,명사
5521,-1,연장,명사
5523,-1,열흘,명사
5524,-1,예선,명사
5527,-1,옥수수,명사
5528,-1,원,명사
5530,-1,은행나무,명사
5532,-1,이웃집,명사
5535,-1,자부심,명사
5537,-1,장차,부사
5538,-1,재미없다,형용사
5540,-1,저편,대명사
5547,-1,정신과,명사
5549,-1,제도적,명사
5551,-1,조절,명사
5552,-1,주거,명사
5553,-1,주스,명사
5554,-1,준비되다,동사
5555,-1,중단되다,동사
5556,-1,중요시하다,동사
5557,-1,지점,명사
5559,-1,진단하다,동사
5567,-1,콜라,명사
5568,-1,타다,동사
5570,-1,편견,명사
5572,-1,플라스틱,명사
5575,-1,환율,명사
5576,-1,활기,명사
5577,-1,강사,명사
5578,-1,강수량,명사
5582,-1,교대,명사
5583,-1,구청,명사
5584,-1,국내외,명사
5586,-1,금지되다,동사
5587,-1,기도하다,동사
5588,-1,기성,명사
5589,-1,깨뜨리다,동사
5590,-1,꼼짝,부사
5594,-1,남학생,명사
5595,-1,농사일,명사
5596,-1,농장,명사
5598,-1,데이트,명사
5602,-1,되돌아가다,동사
5603,-1,두부,명사
5604,-1,들이켜다,동사
5605,-1,따라다니다,동사
5606,-1,라운드,명사
5608,-1,마음가짐,명사
5610,-1,머리칼,명사
5613,-1,모,관사
5615,-1,바퀴,명사
5619,-1,번개,명사
5620,-1,변화되다,동사
5621,-1,부러워하다,동사
5622,-1,부재,명사
5626,-1,사망,명사
5628,-1,생,명사
5629,-1,서늘하다,형용사
5631,-1,성경,명사
5633,-1,소요되다,동사
5634,-1,소화하다,동사
5637,-1,순간적,명사
5638,-1,시집가다,동사
5639,-1,시청,명사
5641,-1,싶어지다,보조사
5642,-1,씌우다,동사
5644,-1,야간,명사
5646,-1,엇갈리다,동사
5649,-1,엷다,형용사
5650,-1,오락,명사
5651,-1,오른손,명사
5654,-1,우아하다,형용사
5656,-1,이것저것,명사
5657,-1,이슬,명사
5658,-1,인간관계,명사
5660,-1,장기간,명사
5661,-1,저자,명사
5662,-1,전선,명사
5666,-1,정지,명사
5667,-1,제의하다,동사
5668,-1,조명,명사
5669,-1,조화되다,동사
5673,-1,줄거리,명사
5674,-1,중단,명사
5679,-1,차선,명사
5680,-1,착각하다,동사
5684,-1,초상화,명사
5686,-1,출장,명사
5687,-1,쿠데타,명사
5690,-1,퇴근,명사
5691,-1,특수성,명사
5694,-1,항공기,명사
5698,-1,활발히,부사
5700,-1,회화,명사
5702,-1,흥미롭다,형용사
5704,-1,가져다주다,동사
5706,-1,각오,명사
5708,-1,개방되다,동사
5711,-1,겨자,명사
5712,-1,경고하다,동사
5713,-1,경제학,명사
5717,-1,골프,명사
5720,-1,관심사,명사
5722,-1,구별되다,동사
5723,-1,국사,명사
5724,-1,굳히다,동사
5725,-1,귀국,명사
5726,-1,그간,명사
5727,-1,그럴듯하다,형용사
5728,-1,극작가,명사
5730,-1,기,명사
5732,-1,기울다,동사
5733,-1,기적,명사
5736,-1,끌리다,동사
5737,-1,내보내다,동사
5739,-1,담,명사
5742,-1,동서,명사
5743,-1,들여놓다,동사
5744,-1,따스하다,형용사
5746,-1,말투,명사
5748,-1,명령어,명사
5749,-1,목욕탕,명사
5753,-1,미끄러지다,동사
5754,-1,바닷물,명사
5755,-1,변신,명사
5757,-1,부친,명사
5759,-1,붙잡히다,동사
5760,-1,브랜드,명사
5761,-1,빨다,동사
5762,-1,사무,명사
5763,-1,사소하다,형용사
5764,-1,상,명사
5767,-1,상쾌하다,형용사
5768,-1,성,명사
5771,-1,손길,명사
5774,-1,순위,명사
5777,-1,식사하다,동사
5778,-1,쌍,명사
5779,-1,썰렁하다,형용사
5783,-1,암시,명사
5784,-1,앞날,명사
5787,-1,역사상,명사
5788,-1,연주,명사
5790,-1,우울하다,형용사
5791,-1,우체국,명사
5793,-1,울리다,동사
5796,-1,육상,명사
5797,-1,음주,명사
5798,-1,이별,명사
5800,-1,인재,명사
5801,-1,인종,명사
5802,-1,일시적,명사
5804,-1,재밌다,형용사
5805,-1,전문적,명사
5808,-1,젊음,명사
5809,-1,점잖다,형용사
5812,-1,조개,명사
5816,-1,주무시다,동사
5819,-1,중계방송,명사
5820,-1,중독,명사
5821,-1,지급,명사
5822,-1,진실하다,형용사
5823,-1,차창,명사
5826,-1,초청하다,동사
5827,-1,출발점,명사
5828,-1,출판,명사
5829,-1,출현하다,동사
5830,-1,클럽,명사
5831,-1,키스,명사
5833,-1,탈출하다,동사
5836,-1,판사,명사
5839,-1,허락,명사
5841,-1,확신,명사
5845,-1,흐리다,형용사
5850,-1,걱정스럽다,형용사
5851,-1,건설되다,동사
5857,-1,고개,명사
5860,-1,고프다,형용사
5866,-1,그제야,부사
5868,-1,금연,명사
5870,-1,기성세대,명사
5871,-1,기술하다,동사
5872,-1,까치,명사
5873,-1,꿈속,명사
5874,-1,나비,명사
5876,-1,남북,명사
5877,-1,납득하다,동사
5881,-1,단,명사
5883,-1,대사관,명사
5886,-1,독창적,명사
5887,-1,되풀이되다,동사
5889,-1,떠나가다,동사
5890,-1,떠들썩하다,형용사
5891,-1,뜻대로,부사
5892,-1,레스토랑,명사
5893,-1,로봇,명사
5896,-1,만점,명사
5897,-1,매달,부사
5899,-1,모여들다,동사
5902,-1,묵다,동사
5904,-1,바깥쪽,명사
5905,-1,배고프다,형용사
5906,-1,버섯,명사
5911,-1,보수,명사
5912,-1,보안,명사
5914,-1,뵈다,동사
5915,-1,부,명사
5917,-1,비웃다,동사
5918,-1,비키다,동사
5919,-1,사나이,명사
5921,-1,사모님,명사
5923,-1,삼,수사
5925,-1,상징적,명사
5926,-1,색다르다,형용사
5930,-1,세미나,명사
5931,-1,세제,명사
5932,-1,속삭이다,동사
5935,-1,시일,명사
5936,-1,시합,명사
5939,-1,신속하다,형용사
5940,-1,신제품,명사
5941,-1,신중하다,형용사
5944,-1,썩,부사
5946,-1,암컷,명사
5949,-1,여행하다,동사
5952,-1,예고하다,동사
5953,-1,위반하다,동사
5954,-1,윗몸,명사
5956,-1,은은하다,형용사
5958,-1,이해관계,명사
5959,-1,익히다,동사
5960,-1,일대,관사
5961,-1,입력,명사
5962,-1,자연현상,명사
5966,-1,정류장,명사
5968,-1,정신없이,부사
5969,-1,정직하다,형용사
5971,-1,조정하다,동사
5973,-1,주름,명사
5974,-1,중요,명사
5978,-1,챔피언,명사
5981,-1,최신,명사
5982,-1,축하,명사
5983,-1,취소,명사
5985,-1,캐릭터,명사
5987,-1,커튼,명사
5992,-1,팬,명사
5995,-1,해롭다,형용사
5998,-1,현관문,명사
6000,-1,활발해지다,동사
6001,-1,회복되다,동사
6002,-1,희생하다,동사
6003,-1,가능해지다,동사
6009,-1,겨울철,명사
6014,-1,고추장,명사
6015,-1,골프장,명사
6017,-1,공연히,부사
6018,-1,과정,명사
6022,-1,국수,명사
6023,-1,국제적,명사
6026,-1,그전,명사
6029,-1,금고,명사
6031,-1,꾸중,명사
6032,-1,끌어당기다,동사
6033,-1,끼,명사
6035,-1,능동적,명사
6036,-1,달빛,명사
6038,-1,당분간,부사
6042,-1,도움말,명사
6045,-1,되살리다,동사
6046,-1,뒷산,명사
6049,-1,만족하다,동사
6050,-1,맵다,형용사
6051,-1,메다,동사
6052,-1,몰려오다,동사
6054,-1,물질적,명사
6056,-1,미인,명사
6058,-1,믿어지다,동사
6059,-1,반죽,명사
6060,-1,반지,명사
6062,-1,밤,명사
6063,-1,배치,명사
6064,-1,백인,명사
6068,-1,본,관사
6069,-1,본사,명사
6070,-1,부르다,형용사
6072,-1,불평등하다,형용사
6075,-1,비타민,명사
6076,-1,빌딩,명사
6077,-1,빠뜨리다,동사
6078,-1,산속,명사
6079,-1,새로이,부사
6082,-1,서양인,명사
6084,-1,소지품,명사
6085,-1,송이,명사
6086,-1,쇠,명사
6088,-1,수컷,명사
6089,-1,승리하다,동사
6091,-1,식초,명사
6095,-1,심부름,명사
6096,-1,씨앗,명사
6098,-1,야외,명사
6099,-1,얻어먹다,동사
6100,-1,엄숙하다,형용사
6101,-1,여가,명사
6102,-1,여동생,명사
6104,-1,연상하다,동사
6107,-1,옆집,명사
6108,-1,오래간만,명사
6109,-1,오래도록,부사
6110,-1,올려다보다,동사
6112,-1,외다,동사
6113,-1,외침,명사
6117,-1,이빨,명사
6118,-1,이해,명사
6122,-1,일손,명사
6126,-1,잠바,명사
6127,-1,잠수함,명사
6128,-1,장수,명사
6129,-1,장학금,명사
6130,-1,재다,동사
6131,-1,쟤,부정사
6132,-1,점심시간,명사
6137,-1,지도하다,동사
6138,-1,지적,명사
6139,-1,진로,명사
6140,-1,진행자,명사
6142,-1,쪽,명사
6143,-1,찾아다니다,동사
6144,-1,책임감,명사
6146,-1,체온,명사
6147,-1,초밥,명사
6149,-1,출구,명사
6150,-1,출입문,명사
6152,-1,통과,명사
6155,-1,포장마차,명사
6156,-1,푸다,동사
6157,-1,풀,명사
6158,-1,피망,명사
6159,-1,필름,명사
6160,-1,한결,부사
6163,-1,한여름,명사
6165,-1,항공,명사
6168,-1,회전,명사
6169,-1,휴지,명사
6170,-1,가려지다,동사
6172,-1,가위,명사
6178,-1,고속,명사
6180,-1,곧다,형용사
6181,-1,골치,명사
6187,-1,구하다,동사
6189,-1,그때그때,부사
6195,-1,내달,명사
6198,-1,넷째,수사
6201,-1,놔두다,동사
6202,-1,늦어지다,동사
6210,-1,도망가다,동사
6212,-1,독하다,형용사
6215,-1,땅콩,명사
6218,-1,뜰,명사
6219,-1,뜻밖에,부사
6222,-1,명단,명사
6224,-1,무의미하다,형용사
6225,-1,문구,명사
6228,-1,뭣,대명사
6230,-1,미만,명사
6240,-1,백색,명사
6249,-1,비바람,명사
6251,-1,사기,명사
6252,-1,사망하다,동사
6253,-1,사무직,명사
6260,-1,소질,명사
6261,-1,솜,명사
6267,-1,시디롬,명사
6268,-1,식생활,명사
6269,-1,신호등,명사
6270,-1,신혼여행,명사
6271,-1,실,명사
6272,-1,씩씩하다,형용사
6275,-1,연구실,명사
6279,-1,월드컵,명사
6281,-1,유머,명사
6284,-1,의류,명사
6293,-1,입원,명사
6294,-1,잊혀지다,동사
6295,-1,잘살다,동사
6296,-1,장가,명사
6297,-1,적응,명사
6302,-1,정리되다,동사
6307,-1,졸업생,명사
6308,-1,죽다,보조사
6312,-1,창피하다,형용사
6318,-1,친절,명사
6319,-1,침실,명사
6321,-1,태권도,명사
6324,-1,토론하다,동사
6335,-1,하나하나,명사
6337,-1,합하다,동사
6339,-1,핸드백,명사
6340,-1,햄버거,명사
6349,-1,가정교사,명사
6352,-1,감사,명사
6362,-1,공통적,명사
6363,-1,교육자,명사
6364,-1,교재,명사
6372,-1,기타,명사
6374,-1,길어지다,동사
6375,-1,깨소금,명사
6379,-1,나빠지다,동사
6380,-1,남,명사
6382,-1,놓아두다,동사
6387,-1,대접하다,동사
6394,-1,두통,명사
6399,-1,뛰어내리다,동사
6405,-1,무궁화,명사
6411,-1,바이러스,명사
6413,-1,방바닥,명사
6415,-1,번거롭다,형용사
6426,-1,사냥,명사
6429,-1,사회생활,명사
6435,-1,설거지,명사
6441,-1,수년,명사
6445,-1,수출하다,동사
6446,-1,숙소,명사
6447,-1,슈퍼마켓,명사
6451,-1,심리적,명사
6458,-1,연기,명사
6463,-1,위로,명사
6465,-1,이용자,명사
6468,-1,입력하다,동사
6470,-1,자격증,명사
6489,-1,진료,명사
6495,-1,창가,명사
6498,-1,초조하다,형용사
6500,-1,타다,동사
6507,-1,한잔하다,동사
6508,-1,함께하다,동사
6509,-1,합격하다,동사
6516,-1,화장지,명사
6524,-1,힘껏,부사
6526,-1,가요,명사
6530,-1,감상,명사
6540,-1,공짜,명사
6541,-1,공통되다,동사
6550,-1,그만하다,형용사
6559,-1,나들이,명사
6562,-1,녹이다,동사
6565,-1,눈가,명사
6572,-1,도망,명사
6575,-1,동기,명사
6582,-1,모기,명사
6585,-1,미니,명사
6590,-1,방면,명사
6592,-1,법적,명사
6593,-1,벤치,명사
6597,-1,보수,명사
6603,-1,볼일,명사
6605,-1,부끄러움,명사
6608,-1,비누,명사
6609,-1,비행,명사
6610,-1,빗줄기,명사
6614,-1,사회학,명사
6619,-1,성적,명사
6621,-1,세수,명사
6627,-1,순진하다,형용사
6628,-1,스웨터,명사
6634,-1,심심하다,형용사
6640,-1,어려워지다,동사
6642,-1,여행사,명사
6647,-1,올라서다,동사
6649,-1,왼손,명사
6655,-1,유학생,명사
6656,-1,은,명사
6664,-1,자리,명사
6668,-1,잘생기다,형용사
6671,-1,장애인,명사
6672,-1,재활용품,명사
6673,-1,저러다,동사
6674,-1,저리,부사
6676,-1,절약하다,동사
6677,-1,정반대,명사
6680,-1,조,명사
6689,-1,진동,명사
6693,-1,찌개,명사
6707,-1,추천,명사
6720,-1,학점,명사
6721,-1,한가하다,형용사
6725,-1,합격,명사
6730,-1,환영하다,동사
6735,-1,간접적,명사
6736,-1,갈다,동사
6746,-1,경영하다,동사
6752,-1,그리움,명사
6754,-1,그사이,명사
6757,-1,기념하다,동사
6758,-1,기도,명사
6760,-1,길거리,명사
6761,-1,꽃잎,명사
6766,-1,넥타이,명사
6770,-1,대강,부사
6775,-1,독립하다,동사
6776,-1,돌려주다,동사
6779,-1,들이마시다,동사
6780,-1,뛰어오르다,동사
6781,-1,라이터,명사
6784,-1,매일,명사
6790,-1,문밖,명사
6796,-1,방송하다,동사
6802,-1,보충하다,동사
6812,-1,불완전하다,형용사
6813,-1,불평,명사
6815,-1,붐비다,동사
6824,-1,생활환경,명사
6826,-1,서명,명사
6830,-1,손등,명사
6842,-1,역사학,명사
6844,-1,영,부사
6846,-1,오리,명사
6848,-1,요리사,명사
6851,-1,원,감탄사
6852,-1,원서,명사
6861,-1,이론적,명사
6864,-1,이제야,부사
6871,-1,임신하다,동사
6872,-1,입원하다,동사
6876,-1,자취,명사
6877,-1,잠그다,동사
6878,-1,잡수시다,동사
6879,-1,장난감,명사
6880,-1,장례,명사
6884,-1,전기밥솥,명사
6894,-1,지금껏,부사
6896,-1,지름길,명사
6897,-1,지진,명사
6901,-1,참석자,명사
6902,-1,창구,명사
6907,-1,최저,명사
6915,-1,코미디,명사
6918,-1,튀기다,동사
6926,-1,필수,명사
6928,-1,하품,명사
6930,-1,한국말,명사
6939,-1,횟수,명사
6941,-1,흐리다,동사
6942,-1,가능,명사
6946,-1,값싸다,형용사
6951,-1,계란,명사
6961,-1,교문,명사
6963,-1,권투,명사
6969,-1,긴장감,명사
6970,-1,김,명사
6980,-1,넷,수사
6989,-1,뒤편,명사
6994,-1,매달다,동사
6995,-1,매주,부사
7002,-1,문제되다,동사
7013,-1,받침,명사
7023,-1,북,명사
7026,-1,불이익,명사
7027,-1,불필요하다,형용사
7034,-1,산부인과,명사
7036,-1,새우다,동사
7038,-1,서명하다,동사
7045,-1,수,명사
7046,-1,수고하다,동사
7049,-1,수학,명사
7054,-1,신부,명사
7057,-1,쓸데없다,형용사
7058,-1,아뇨,감탄사
7059,-1,아래쪽,명사
7060,-1,아스팔트,명사
7061,-1,아하,감탄사
7066,-1,알코올,명사
7068,-1,액세서리,명사
7071,-1,에어컨,명사
7074,-1,염려하다,동사
7076,-1,오이,명사
7078,-1,외삼촌,명사
7079,-1,요,관사
7082,-1,웃음소리,명사
7086,-1,위쪽,명사
7093,-1,음료수,명사
7102,-1,인쇄,명사
7107,-1,잔디,명사
7110,-1,전세,명사
7116,-1,조깅,명사
7129,-1,초대,명사
7133,-1,치다,동사
7134,-1,캠퍼스,명사
7136,-1,터널,명사
7139,-1,퇴직금,명사
7153,-1,환갑,명사
7158,-1,가만있다,동사
7160,-1,간편하다,형용사
7161,-1,감동적,명사
7167,-1,건너오다,동사
7182,-1,관광지,명사
7185,-1,교복,명사
7186,-1,교포,명사
7188,-1,귀가하다,동사
7201,-1,날아다니다,동사
7211,-1,더더욱,부사
7221,-1,등록금,명사
7224,-1,뛰어다니다,동사
7225,-1,마음씨,명사
7226,-1,만,관사
7231,-1,메모,명사
7234,-1,몇십,관사
7238,-1,몸매,명사
7239,-1,몸무게,명사
7240,-1,무관심,명사
7246,-1,반짝이다,동사
7249,-1,배달,명사
7250,-1,번역,명사
7256,-1,부인,명사
7258,-1,분주하다,형용사
7262,-1,비닐봉지,명사
7264,-1,비판적,명사
7266,-1,뺏다,동사
7270,-1,사전,명사
7274,-1,서랍,명사
7278,-1,소나기,명사
7280,-1,소중히,부사
7281,-1,손잡이,명사
7283,-1,수도꼭지,명사
7291,-1,실례,명사
7292,-1,싸구려,명사
7294,-1,안녕,감탄사
7295,-1,안되다,형용사
7298,-1,약국,명사
7303,-1,어찌나,부사
7304,-1,엉터리,명사
7311,-1,연하다,형용사
7321,-1,원숭이,명사
7323,-1,위법,명사
7325,-1,육체적,명사
7327,-1,음력,명사
7339,-1,이혼,명사
7343,-1,일회용,명사
7353,-1,잔디밭,명사
7355,-1,저기,감탄사
7358,-1,전문직,명사
7360,-1,전화기,명사
7366,-1,제출,명사
7371,-1,지난주,명사
7378,-1,진달래,명사
7385,-1,찌다,동사
7386,-1,차남,명사
7387,-1,채점,명사
7397,-1,침착하다,형용사
7398,-1,캄캄하다,형용사
7401,-1,타자기,명사
7407,-1,팬티,명사
7409,-1,편히,부사
7410,-1,포인트,명사
7411,-1,포크,명사
7417,-1,한밤중,명사
7430,-1,효도,명사
7434,-1,가구,명사
7438,-1,간호사,명사
7440,-1,개나리,명사
7445,-1,고등학생,명사
7448,-1,골목길,명사
7453,-1,관람객,명사
7459,-1,귀가,명사
7460,-1,그리워하다,동사
7464,-1,기억나다,동사
7466,-1,기침,명사
7474,-1,노랫소리,명사
7476,-1,다섯,수사
7478,-1,닭고기,명사
7487,-1,대학교수,명사
7497,-1,뒷문,명사
7500,-1,딸아이,명사
7503,-1,레몬,명사
7505,-1,만족스럽다,형용사
7516,-1,미움,명사
7518,-1,바가지,명사
7521,-1,발끝,명사
7523,-1,배꼽,명사
7524,-1,병실,명사
7527,-1,봉사하다,동사
7536,-1,비행장,명사
7539,-1,사랑스럽다,형용사
7561,-1,숟가락,명사
7562,-1,술병,명사
7564,-1,습기,명사
7571,-1,쓰이다,동사
7581,-1,엽서,명사
7583,-1,예보,명사
7586,-1,요일,명사
7587,-1,욕실,명사
7588,-1,용감하다,형용사
7592,-1,운전기사,명사
7594,-1,위험성,명사
7599,-1,익다,형용사
7600,-1,일,수사
7605,-1,장마,명사
7606,-1,재학,명사
7608,-1,저,대명사
7610,-1,전기,명사
7612,-1,전시하다,동사
7616,-1,정기적,명사
7619,-1,종교적,명사
7620,-1,주관적,명사
7629,-1,직장인,명사
7630,-1,진심,명사
7634,-1,질문하다,동사
7637,-1,짧아지다,동사
7638,-1,찌다,동사
7640,-1,책가방,명사
7643,-1,천국,명사
7649,-1,치약,명사
7651,-1,큰절,명사
7663,-1,학과,명사
7678,-1,후회,명사
7683,-1,강조,명사
7687,-1,게시판,명사
7696,-1,공통점,명사
7701,-1,과외,명사
7703,-1,교내,명사
7705,-1,구,명사
7714,-1,금요일,명사
7720,-1,김밥,명사
7728,-1,내적,명사
7731,-1,놀이터,명사
7736,-1,다녀가다,동사
7738,-1,답장,명사
7749,-1,때때로,부사
7753,-1,뜨다,동사
7756,-1,마라톤,명사
7759,-1,매스컴,명사
7767,-1,무,명사
7769,-1,묵다,동사
7773,-1,바나나,명사
7776,-1,발등,명사
7778,-1,밤새,명사
7784,-1,별일,명사
7785,-1,보내오다,동사
7789,-1,부채,명사
7791,-1,불법,명사
7795,-1,블라우스,명사
7800,-1,사업가,명사
7801,-1,사이좋다,형용사
7811,-1,세상에,감탄사
7816,-1,수고,명사
7818,-1,수요일,명사
7822,-1,슬퍼하다,동사
7823,-1,시금치,명사
7828,-1,신청서,명사
7835,-1,쓰레기통,명사
7836,-1,아랫사람,명사
7838,-1,앞쪽,명사
7840,-1,앨범,명사
7841,-1,양,명사
7848,-1,여전하다,형용사
7853,-1,영남,명사
7857,-1,옥상,명사
7860,-1,왼발,명사
7864,-1,운전하다,동사
7868,-1,위,명사
7883,-1,일기,명사
7884,-1,일자리,명사
7890,-1,자매,명사
7897,-1,저번,명사
7900,-1,전시장,명사
7904,-1,절약,명사
7906,-1,정답,명사
7907,-1,정오,명사
7909,-1,제대하다,동사
7913,-1,졸다,동사
7918,-1,즉석,명사
7920,-1,지방,명사
7924,-1,차차,부사
7930,-1,추측,명사
7933,-1,충고,명사
7939,-1,코피,명사
7946,-1,팩시밀리,명사
7956,-1,한낮,명사
7958,-1,할인,명사
7971,-1,가득히,부사
7977,-1,간호,명사
7979,-1,갑,명사
7984,-1,건너,명사
7985,-1,걷다,동사
7987,-1,겁나다,동사
7996,-1,고구마,명사
8014,-1,국기,명사
8018,-1,금메달,명사
8031,-1,노트,명사
8033,-1,눈감다,동사
8034,-1,눈뜨다,동사
8043,-1,대입,명사
8044,-1,대화하다,동사
8045,-1,도마,명사
8050,-1,동화책,명사
8053,-1,딸기,명사
8054,-1,땅바닥,명사
8064,-1,모집하다,동사
8071,-1,미워하다,동사
8076,-1,밤색,명사
8077,-1,밥맛,명사
8079,-1,배우자,명사
8085,-1,복사,명사
8090,-1,볶음밥,명사
8113,-1,성별,명사
8116,-1,세탁,명사
8117,-1,소문나다,동사
8118,-1,소용없다,형용사
8120,-1,속상하다,형용사
8121,-1,손수건,명사
8122,-1,송아지,명사
8124,-1,수돗물,명사
8126,-1,수만,관사
8129,-1,수입되다,동사
8130,-1,수입품,명사
8134,-1,술자리,명사
8140,-1,식기,명사
8146,-1,싼값,명사
8153,-1,안,명사
8154,-1,안부,명사
8157,-1,양주,명사
8160,-1,어린이날,명사
8168,-1,영화배우,명사
8169,-1,오른발,명사
8173,-1,용서,명사
8177,-1,우편,명사
8189,-1,이사하다,동사
8191,-1,일등,명사
8198,-1,작아지다,동사
8205,-1,정장,명사
8210,-1,좁히다,동사
8212,-1,좋아,감탄사
8218,-1,죽,부사
8219,-1,줄무늬,명사
8224,-1,지워지다,동사
8225,-1,지저분하다,형용사
8226,-1,진통,명사
8229,-1,찬성하다,동사
8231,-1,참석,명사
8235,-1,초콜릿,명사
8238,-1,최고급,명사
8239,-1,최상,명사
8240,-1,최악,명사
8242,-1,출국,명사
8246,-1,친해지다,동사
8248,-1,코끝,명사
8250,-1,터미널,명사
8264,-1,피자,명사
8267,-1,한국적,명사
8275,-1,햄,명사
8282,-1,환영,명사
8286,-1,가로수,명사
8290,-1,간식,명사
8293,-1,감,명사
8296,-1,개다,동사
8305,-1,고급스럽다,형용사
8307,-1,고소하다,형용사
8313,-1,공주,명사
8322,-1,깨어지다,동사
8324,-1,남,명사
8328,-1,네거리,명사
8329,-1,노란색,명사
8330,-1,녹음하다,동사
8336,-1,달러,명사
8342,-1,대여섯,관사
8349,-1,되돌아보다,동사
8355,-1,등산로,명사
8358,-1,마사지,명사
8359,-1,만,수사
8361,-1,먹히다,동사
8364,-1,몸살,명사
8367,-1,무더위,명사
8369,-1,무용가,명사
8375,-1,박스,명사
8377,-1,반기다,동사
8381,-1,밥솥,명사
8388,-1,베개,명사
8389,-1,벨트,명사
8391,-1,복사하다,동사
8400,-1,붓다,동사
8401,-1,비,명사
8407,-1,사계절,명사
8408,-1,사과하다,동사
8411,-1,사투리,명사
8416,-1,상금,명사
8438,-1,수저,명사
8444,-1,식욕,명사
8457,-1,앞바다,명사
8458,-1,얄밉다,형용사
8459,-1,양상추,명사
8467,-1,여대생,명사
8471,-1,연기하다,동사
8478,-1,온라인,명사
8481,-1,외갓집,명사
8482,-1,외할머니,명사
8489,-1,유능하다,형용사
8493,-1,유적지,명사
8499,-1,음악가,명사
8500,-1,응답하다,동사
8503,-1,이롭다,형용사
8505,-1,이분,대명사
8512,-1,인삼,명사
8513,-1,인상,명사
8518,-1,입사,명사
8520,-1,자,명사
8527,-1,재활용,명사
8536,-1,점원,명사
8539,-1,제삿날,명사
8546,-1,주름살,명사
8561,-1,참고하다,동사
8562,-1,찻잔,명사
8568,-1,철학적,명사
8572,-1,초대,명사
8579,-1,추천하다,동사
8589,-1,칫솔,명사
8591,-1,큰길,명사
8598,-1,판매되다,동사
8602,-1,포근하다,형용사
8603,-1,포도,명사
8605,-1,하나님,명사
8610,-1,학력,명사
8613,-1,한정하다,동사
8619,-1,향상되다,동사
8626,-1,홈페이지,명사
8633,-1,횡단보도,명사
8645,-1,가톨릭,명사
8651,-1,강당,명사
8659,-1,건조하다,형용사
8660,-1,걷기,명사
8668,-1,고모부,명사
8672,-1,공중전화,명사
8673,-1,공통,명사
8674,-1,과거,명사
8682,-1,국가적,명사
8685,-1,귓속,명사
8686,-1,그래픽,명사
8687,-1,근교,명사
8690,-1,기초적,명사
8699,-1,녹음,명사
8704,-1,다양성,명사
8710,-1,대상자,명사
8718,-1,동그라미,명사
8727,-1,떠나오다,동사
8731,-1,레이저,명사
8736,-1,마중,명사
8753,-1,밝다,동사
8754,-1,밤중,명사
8756,-1,배드민턴,명사
8757,-1,배부르다,형용사
8759,-1,버튼,명사
8768,-1,보수적,명사
8779,-1,불확실하다,형용사
8781,-1,비만,명사
8785,-1,빗방울,명사
8791,-1,사회자,명사
8795,-1,샤워,명사
8798,-1,서투르다,형용사
8809,-1,세탁기,명사
8811,-1,손뼉,명사
8812,-1,손수,부사
8813,-1,송편,명사
8822,-1,시들다,동사
8823,-1,시디,명사
8826,-1,신사,명사
8828,-1,신혼부부,명사
8830,-1,싱겁다,형용사
8832,-1,쓸데없이,부사
8840,-1,야하다,형용사
8845,-1,어쩌다가,부사
8863,-1,옛날이야기,명사
8865,-1,오븐,명사
8866,-1,온종일,명사
8867,-1,와인,명사
8869,-1,왕비,명사
8874,-1,우승하다,동사
8875,-1,운반,명사
8877,-1,웃어른,명사
8893,-1,인사말,명사
8904,-1,자판기,명사
8906,-1,장모님,명사
8910,-1,저녁때,명사
8914,-1,저울,명사
8918,-1,적어지다,동사
8943,-1,지폐,명사
8945,-1,진실로,부사
8952,-1,촛불,명사
8956,-1,출퇴근,명사
8960,-1,치과,명사
8964,-1,테스트,명사
8967,-1,통역,명사
8968,-1,퇴근하다,동사
8978,-1,표시하다,동사
8981,-1,피로하다,형용사
8982,-1,하,명사
8985,-1,한데,부사
8997,-1,혼잣말,명사
8998,-1,화나다,동사
9002,-1,효도하다,동사
9013,-1,힘없이,부사
9014,-1,가로,명사
9018,-1,갈아타다,동사
9030,-1,건넌방,명사
9044,-1,곧이어,부사
9047,-1,공기,명사
9052,-1,굉장하다,형용사
9061,-1,그래서,부정사
9066,-1,기업인,명사
9069,-1,긴장되다,동사
9072,-1,깨끗해지다,동사
9075,-1,낚싯대,명사
9077,-1,남동생,명사
9080,-1,냇물,명사
9082,-1,단골,명사
9084,-1,단맛,명사
9089,-1,담요,명사
9091,-1,대,명사
9095,-1,더러워지다,동사
9101,-1,데우다,동사
9103,-1,도착,명사
9105,-1,동그랗다,형용사
9114,-1,뛰어나오다,동사
9115,-1,레저,명사
9116,-1,로터리,명사
9129,-1,무덥다,형용사
9136,-1,뭘,감탄사
9144,-1,반대편,명사
9145,-1,발바닥,명사
9146,-1,발톱,명사
9148,-1,밝아지다,동사
9149,-1,밤새다,동사
9167,-1,부잣집,명사
9169,-1,분명해지다,동사
9177,-1,사진기,명사
9179,-1,산길,명사
9184,-1,상추,명사
9193,-1,섭씨,명사
9195,-1,소시지,명사
9202,-1,쇼핑,명사
9208,-1,수업,명사
9213,-1,스케줄,명사
9214,-1,스키,명사
9222,-1,시외,명사
9231,-1,심각해지다,동사
9233,-1,싹,부사
9238,-1,씻기다,동사
9241,-1,안심하다,동사
9247,-1,약,명사
9248,-1,약수,명사
9249,-1,약품,명사
9250,-1,양배추,명사
9251,-1,양보,명사
9252,-1,양옆,명사
9253,-1,얕다,형용사
9254,-1,어두워지다,동사
9257,-1,어쩜,부사
9260,-1,엊그제,부사
9261,-1,여고생,명사
9263,-1,여왕,명사
9265,-1,연기되다,동사
9266,-1,열,수사
9271,-1,예약,명사
9275,-1,올라타다,동사
9285,-1,운동화,명사
9294,-1,이곳저곳,명사
9296,-1,이다음,명사
9305,-1,일회용품,명사
9306,-1,읽히다,동사
9317,-1,잡수다,동사
9319,-1,장사꾼,명사
9325,-1,저런,감탄사
9328,-1,점심때,명사
9345,-1,즐거워하다,동사
9354,-1,집중하다,동사
9356,-1,짜다,형용사
9357,-1,짜증스럽다,형용사
9364,-1,천재,명사
9369,-1,초등학교,명사
9370,-1,초보,명사
9371,-1,초여름,명사
9372,-1,초저녁,명사
9377,-1,충돌하다,동사
9380,-1,코트,명사
9395,-1,피곤,명사
9398,-1,학비,명사
9407,-1,해,명사
9409,-1,해외여행,명사
9421,-1,효자,명사
9431,-1,감소되다,동사
9433,-1,강변,명사
9462,-1,공연되다,동사
9466,-1,공휴일,명사
9474,-1,괴로워하다,동사
9484,-1,그리로,부사
9498,-1,까먹다,동사
9500,-1,깜빡,부사
9501,-1,깡패,명사
9503,-1,꾸다,동사
9505,-1,낚시꾼,명사
9517,-1,다양해지다,동사
9527,-1,대중교통,명사
9529,-1,데려오다,동사
9537,-1,등록하다,동사
9541,-1,뛰놀다,동사
9542,-1,뛰어오다,동사
9544,-1,라켓,명사
9547,-1,마요네즈,명사
9548,-1,마흔,수사
9549,-1,만세,명사
9551,-1,만화가,명사
9552,-1,맘대로,부사
9554,-1,머리말,명사
9555,-1,면접,명사
9557,-1,명함,명사
9558,-1,몸속,명사
9563,-1,무책임하다,형용사
9570,-1,반짝거리다,동사
9572,-1,밤새우다,동사
9578,-1,번지,명사
9583,-1,볼펜,명사
9605,-1,빨간색,명사
9611,-1,사립,명사
9612,-1,사생활,명사
9615,-1,사이사이,명사
9616,-1,사자,명사
9628,-1,새소리,명사
9631,-1,생활수준,명사
9632,-1,서툴다,형용사
9634,-1,석사,명사
9637,-1,성당,명사
9645,-1,속마음,명사
9647,-1,손잡다,동사
9653,-1,숙녀,명사
9655,-1,순하다,형용사
9658,-1,시댁,명사
9660,-1,시부모,명사
9666,-1,신체적,명사
9670,-1,실수하다,동사
9675,-1,쓴맛,명사
9685,-1,야옹,부사
9690,-1,얼마간,명사
9709,-1,올여름,명사
9713,-1,외제,명사
9714,-1,외출하다,동사
9719,-1,욕하다,동사
9724,-1,위아래,명사
9730,-1,음반,명사
9732,-1,의논,명사
9733,-1,이,수사
9734,-1,이래서,부정사
9738,-1,이발소,명사
9748,-1,자살하다,동사
9749,-1,자연적,명사
9751,-1,장례식,명사
9755,-1,재수,명사
9757,-1,재작년,명사
9758,-1,재채기,명사
9762,-1,전구,명사
9765,-1,전문점,명사
9767,-1,전통문화,명사
9769,-1,정거장,명사
9778,-1,존댓말,명사
9783,-1,주전자,명사
9788,-1,지우다,동사
9800,-1,찬성,명사
9811,-1,초보자,명사
9812,-1,초청장,명사
9813,-1,촌스럽다,형용사
9816,-1,카레,명사
9817,-1,컨디션,명사
9819,-1,코스모스,명사
9825,-1,토론자,명사
9829,-1,튼튼히,부사
9830,-1,티셔츠,명사
9838,-1,페인트,명사
9842,-1,평상시,명사
9853,-1,학교생활,명사
9855,-1,한둘,수사
9859,-1,해물,명사
9871,-1,형,명사
9876,-1,혼나다,동사
9888,-1,가만,부사
9892,-1,감정적,명사
9894,-1,강북,명사
9911,-1,고무신,명사
9916,-1,고춧가루,명사
9923,-1,관람,명사
9930,-1,교외,명사
9931,-1,교육비,명사
9934,-1,국립,명사
9942,-1,금,명사
9945,-1,기억되다,동사
9949,-1,까다,동사
9951,-1,꽃씨,명사
9952,-1,꾸준하다,형용사
9957,-1,난방,명사
9963,-1,내용물,명사
9966,-1,녹화,명사
9968,-1,농구,명사
9979,-1,달다,동사
9992,-1,뒷골목,명사
9994,-1,들어주다,동사
9995,-1,디자이너,명사
9996,-1,따로따로,부사
9998,-1,뛰어나가다,동사
9999,-1,뛰어놀다,동사
10002,-1,라이벌,명사
10013,-1,매번,부사
10015,-1,먹다,동사
10024,-1,무관심하다,형용사
10027,-1,무사하다,형용사
10041,-1,밤낮,명사
10043,-1,배구,명사
10051,-1,번역하다,동사
10058,-1,병아리,명사
10068,-1,부지런하다,형용사
10070,-1,부피,명사
10077,-1,비기다,동사
10093,-1,생활용품,명사
10100,-1,선풍기,명사
10105,-1,세로,명사
10106,-1,섹시하다,형용사
10110,-1,소비하다,동사
10119,-1,수리하다,동사
10126,-1,스물,수사
10131,-1,식료품,명사
10132,-1,식히다,동사
10136,-1,싫어지다,동사
10138,-1,씻기다,동사
10149,-1,얼리다,동사
10153,-1,여직원,명사
10159,-1,열리다,동사
10162,-1,옆방,명사
10167,-1,오피스텔,명사
10168,-1,올가을,명사
10169,-1,와이셔츠,명사
10182,-1,원피스,명사
10184,-1,윗사람,명사
10193,-1,이민,명사
10194,-1,이성,명사
10196,-1,이혼하다,동사
10198,-1,인제,명사
10204,-1,입사하다,동사
10218,-1,재우다,동사
10226,-1,전시되다,동사
10242,-1,졸리다,동사
10243,-1,졸음,명사
10245,-1,종이컵,명사
10247,-1,주문,명사
10254,-1,지능,명사
10265,-1,쩔쩔매다,동사
10273,-1,철,명사
10274,-1,청바지,명사
10280,-1,추가되다,동사
10286,-1,치료법,명사
10287,-1,치우다,보조사
10292,-1,코끼리,명사
10293,-1,콘서트,명사
10294,-1,큰소리,명사
10295,-1,큰아들,명사
10311,-1,특급,명사
10314,-1,평일,명사
10321,-1,풀어지다,동사
10329,-1,한겨울,명사
10331,-1,한평생,명사
10333,-1,해수욕장,명사
10334,-1,핸드폰,명사
10337,-1,허허,부사
10343,-1,호실,명사
10353,-1,휴지통,명사
10355,-1,흐려지다,동사
10356,-1,희망하다,동사
10357,-1,힘들어하다,동사
10371,-1,강의하다,동사
10384,-1,걱정되다,동사
10400,-1,공연하다,동사
10419,-1,귤,명사
10449,-1,내과,명사
10452,-1,넷째,관사
10482,-1,된장찌개,명사
10505,-1,목걸이,명사
10517,-1,무지개,명사
10519,-1,문법,명사
10549,-1,볶음,명사
10551,-1,볼링,명사
10565,-1,비둘기,명사
10592,-1,생활비,명사
10634,-1,스키장,명사
10637,-1,시대적,명사
10658,-1,쓰다,형용사
10669,-1,앞문,명사
10731,-1,인도,명사
10808,-1,책방,명사
10822,-1,추가하다,동사
10833,-1,칠판,명사
10839,-1,크리스마스,명사
10840,-1,탁구,명사
10903,-1,현대적,명사
10999,-1,구,수사
11024,-1,나흘,명사
11040,-1,늦가을,명사
11043,-1,다이어트,명사
11099,-1,목요일,명사
11104,-1,못생기다,형용사
11308,-1,영화관,명사
11311,-1,예술적,명사
11360,-1,장모,명사
11408,-1,중국집,명사
11421,-1,지우개,명사
11424,-1,지하도,명사
11478,-1,튀김,명사
11578,-1,고궁,명사
11580,-1,고속버스,명사
11684,-1,단추,명사
11691,-1,대중적,명사
11721,-1,뚱뚱하다,형용사
11768,-1,미역,명사
11775,-1,반말,명사
11819,-1,분홍색,명사
11837,-1,사,수사
11884,-1,소포,명사
11888,-1,손녀,명사
11896,-1,수영장,명사
11936,-1,아래층,명사
12030,-1,일본어,명사
12048,-1,작은아버지,명사
12049,-1,잠옷,명사
12051,-1,장갑,명사
12141,-1,초순,명사
12175,-1,퇴원하다,동사
12197,-1,하순,명사
12246,-1,갈비,명사
12347,-1,기혼,명사
12423,-1,도장,명사
12428,-1,동물원,명사
12460,-1,모레,명사
12569,-1,삼계탕,명사
12576,-1,생신,명사
12580,-1,서른,수사
12628,-1,시내버스,명사
12669,-1,아홉,수사
12720,-1,예약하다,동사
12746,-1,우표,명사
12818,-1,장미,명사
12913,-1,천둥,명사
12961,-1,퇴원,명사
12965,-1,파란색,명사
13080,-1,게으르다,형용사
13162,-1,기념품,명사
13192,-1,냉면,명사
13214,-1,단풍,명사
13235,-1,독일어,명사
13255,-1,떡볶이,명사
13326,-1,문학적,명사
13330,-1,미끄럽다,형용사
13378,-1,복숭아,명사
13411,-1,비빔밥,명사
13584,-1,여든,수사
13623,-1,외아들,명사
13671,-1,이따가,부사
13695,-1,일흔,수사
13715,-1,장인,명사
13987,-1,화요일,명사
14028,-1,강아지,명사
14205,-1,닷새,명사
14242,-1,동서남북,명사
14518,-1,선물하다,동사
14611,-1,아이스크림,명사
14690,-1,외할아버지,명사
14695,-1,요리하다,동사
14774,-1,입국,명사
14862,-1,주차,명사
14922,-1,체육관,명사
14932,-1,최소,명사
14947,-1,칠,수사
14950,-1,칼국수,명사
14960,-1,큰아버지,명사
15078,-1,홍차,명사
15251,-1,국민적,명사
15255,-1,국제선,명사
15360,-1,다섯째,수사
15425,-1,동양인,명사
15475,-1,맛없다,형용사
15575,-1,백,수사
15648,-1,사십,수사
15800,-1,안과,명사
15856,-1,연락처,명사
15860,-1,연세,명사
15879,-1,예식장,명사
15942,-1,월세,명사
15946,-1,위층,명사
15996,-1,인삼차,명사
16173,-1,진찰,명사
16217,-1,초록색,명사
16227,-1,축구공,명사
16252,-1,큰딸,명사
16291,-1,팔,수사
16464,-1,결석,명사
16599,-1,김치찌개,명사
16643,-1,녹차,명사
16709,-1,독감,명사
16774,-1,만두,명사
16889,-1,발음하다,동사
16935,-1,보라색,명사
16943,-1,복습하다,동사
17164,-1,스케이트,명사
17194,-1,실례하다,동사
17283,-1,여섯,수사
17294,-1,연두색,명사
17329,-1,온돌,명사
17406,-1,육,수사
17461,-1,일곱,수사
17710,-1,출입국,명사
17752,-1,클래식,명사
17797,-1,팝송,명사
17800,-1,팩스,명사
18114,-1,국내선,명사
18402,-1,떡국,명사
18638,-1,복습,명사
18764,-1,삼십,수사
18828,-1,성함,명사
18841,-1,세탁소,명사
18933,-1,시외버스,명사
19003,-1,야구장,명사
19100,-1,오십,수사
19150,-1,운동복,명사
19302,-1,작은아들,명사
19306,-1,잠자리,명사
19443,-1,주차하다,동사
19454,-1,중국어,명사
19549,-1,청소기,명사
19607,-1,칠십,수사
19748,-1,필통,명사
19755,-1,학생증,명사
19808,-1,형수,명사
20070,-1,공항버스,명사
20077,-1,관광버스,명사
20155,-1,그저께,명사
20268,-1,냉방,명사
20303,-1,눈병,명사
20314,-1,다섯째,관사
20677,-1,배추김치,명사
20886,-1,사탕,명사
20933,-1,색연필,명사
21016,-1,소아과,명사
21230,-1,양력,명사
21340,-1,예순,수사
21348,-1,오,수사
21595,-1,작은어머니,명사
21959,-1,축구장,명사
22156,-1,한글날,명사
22159,-1,한식,명사
22829,-1,넉,관사
23197,-1,메일,명사
23452,-1,복사기,명사
23601,-1,빗,명사
23768,-1,설렁탕,명사
24036,-1,십,수사
24058,-1,아드님,명사
24937,-1,천,수사
25684,-1,결석하다,동사
26081,-1,기념일,명사
26135,-1,까만색,명사
26255,-1,내후년,명사
26587,-1,따님,명사
27846,-1,쉰,수사
27910,-1,시아버지,명사
27929,-1,식품점,명사
28129,-1,약혼녀,명사
28175,-1,어저께,명사
28312,-1,영상,명사
28328,-1,예매하다,동사
28337,-1,예습,명사
28338,-1,예습하다,동사
28580,-1,육십,수사
29478,-1,출석하다,동사
29578,-1,큰어머니,명사
29719,-1,팔십,수사
32365,-1,멍멍,부사
33246,-1,분필,명사
34677,-1,약혼자,명사
34701,-1,양식,명사
34770,-1,억,수사
34841,-1,여덟,수사
35141,-1,외과,명사
36191,-1,제과점,명사
36464,-1,중식,명사
37160,-1,케첩,명사
37520,-1,편의점,명사
38470,-1,갈비탕,명사
38923,-1,검정색,명사
44499,-1,미용실,명사
49265,-1,아흔,수사
51771,-1,이십,수사
52043,-1,일식,명사
52406,-1,작은딸,명사
52763,-1,저곳,대명사
55056,-1,초등학생,명사
57151,-1,하얀색,명사
100000,-1,구십,수사
100000,-1,그렇게,부정사
100000,-1,깍두기,명사
100000,-1,이렇게,부정사
100000,-1,저렇게,부정사